	fecha	contaminante	medicion
0	2015-01-02 00:00:00	TMP_x	12.825
1	2015-01-02 00:00:00	RH_2_x	53.75
2	2015-01-02 00:00:00	O3_y.3	7.0
3	2015-01-02 00:00:00	O3	3.0
4	2015-01-02 00:00:00	O3_y.1	7.0
5	2015-01-02 00:00:00	TMP_2_y	14.5
6	2015-01-02 00:00:00	O3_y.2	7.0
7	2015-01-02 00:00:00	O3_x	4.0
8	2015-01-02 00:00:00	O3_y	7.0
9	2015-01-02 01:00:00	O3_y.1	2.0
10	2015-01-02 01:00:00	O3	0.0
11	2015-01-02 01:00:00	TMP_x	11.025
12	2015-01-02 01:00:00	RH_2_x	64.5
13	2015-01-02 01:00:00	O3_y	2.0
14	2015-01-02 01:00:00	O3_y.2	2.0
15	2015-01-02 01:00:00	O3_y.3	2.0
16	2015-01-02 01:00:00	O3_x	1.25
17	2015-01-02 01:00:00	TMP_2_y	13.8
18	2015-01-02 02:00:00	O3	0.0
19	2015-01-02 02:00:00	TMP_x	10.175
20	2015-01-02 02:00:00	O3_y.3	3.0
21	2015-01-02 02:00:00	O3_x	1.5
22	2015-01-02 02:00:00	O3_y	3.0
23	2015-01-02 02:00:00	O3_y.2	3.0
24	2015-01-02 02:00:00	RH_2_x	69.25
25	2015-01-02 02:00:00	O3_y.1	3.0
26	2015-01-02 02:00:00	TMP_2_y	13.0
27	2015-01-02 03:00:00	O3_x	1.5
28	2015-01-02 03:00:00	TMP_2_y	12.7
29	2015-01-02 03:00:00	O3_y.2	2.0
30	2015-01-02 03:00:00	O3_y	2.0
31	2015-01-02 03:00:00	O3	0.0
32	2015-01-02 03:00:00	TMP_x	9.475
33	2015-01-02 03:00:00	O3_y.1	2.0
34	2015-01-02 03:00:00	O3_y.3	2.0
35	2015-01-02 03:00:00	RH_2_x	70.25
36	2015-01-02 04:00:00	O3_y	2.0
37	2015-01-02 04:00:00	O3	0.0
38	2015-01-02 04:00:00	O3_y.2	2.0
39	2015-01-02 04:00:00	TMP_x	8.725000000000001
40	2015-01-02 04:00:00	O3_y.3	2.0
41	2015-01-02 04:00:00	O3_x	1.5
42	2015-01-02 04:00:00	RH_2_x	74.0
43	2015-01-02 04:00:00	O3_y.1	2.0
44	2015-01-02 04:00:00	TMP_2_y	11.6
45	2015-01-02 05:00:00	O3_y.3	2.0
46	2015-01-02 05:00:00	O3_y.1	2.0
47	2015-01-02 05:00:00	O3	1.0
48	2015-01-02 05:00:00	TMP_x	7.8
49	2015-01-02 05:00:00	RH_2_x	74.0
50	2015-01-02 05:00:00	TMP_2_y	10.4
51	2015-01-02 05:00:00	O3_y	2.0
52	2015-01-02 05:00:00	O3_x	1.5
53	2015-01-02 05:00:00	O3_y.2	2.0
54	2015-01-02 06:00:00	O3_y.3	2.0
55	2015-01-02 06:00:00	O3_y	2.0
56	2015-01-02 06:00:00	O3_y.2	2.0
57	2015-01-02 06:00:00	O3	0.0
58	2015-01-02 06:00:00	TMP_x	7.625
59	2015-01-02 06:00:00	O3_x	1.25
60	2015-01-02 06:00:00	O3_y.1	2.0
61	2015-01-02 06:00:00	TMP_2_y	10.4
62	2015-01-02 06:00:00	RH_2_x	75.75
63	2015-01-02 07:00:00	O3_y.3	2.0
64	2015-01-02 07:00:00	O3_x	1.5
65	2015-01-02 07:00:00	O3	0.0
66	2015-01-02 07:00:00	TMP_2_y	10.3
67	2015-01-02 07:00:00	O3_y	2.0
68	2015-01-02 07:00:00	RH_2_x	76.25
69	2015-01-02 07:00:00	TMP_x	7.324999999999998
70	2015-01-02 07:00:00	O3_y.1	2.0
71	2015-01-02 07:00:00	O3_y.2	2.0
72	2015-01-02 08:00:00	O3_y	3.0
73	2015-01-02 08:00:00	TMP_x	7.3
74	2015-01-02 08:00:00	O3_y.3	3.0
75	2015-01-02 08:00:00	O3_y.1	3.0
76	2015-01-02 08:00:00	RH_2_x	69.75
77	2015-01-02 08:00:00	O3_x	2.25
78	2015-01-02 08:00:00	TMP_2_y	13.3
79	2015-01-02 08:00:00	O3	1.0
80	2015-01-02 08:00:00	O3_y.2	3.0
81	2015-01-02 09:00:00	O3_x	3.5
82	2015-01-02 09:00:00	O3_y.2	6.0
83	2015-01-02 09:00:00	O3_y	6.0
84	2015-01-02 09:00:00	RH_2_x	59.75
85	2015-01-02 09:00:00	TMP_2_y	15.5
86	2015-01-02 09:00:00	TMP_x	10.075
87	2015-01-02 09:00:00	O3	2.0
88	2015-01-02 09:00:00	O3_y.3	6.0
89	2015-01-02 09:00:00	O3_y.1	6.0
90	2015-01-02 10:00:00	TMP_2_y	18.3
91	2015-01-02 10:00:00	O3_y.3	15.0
92	2015-01-02 10:00:00	TMP_x	13.35
93	2015-01-02 10:00:00	O3_x	10.75
94	2015-01-02 10:00:00	O3	8.0
95	2015-01-02 10:00:00	RH_2_x	50.5
96	2015-01-02 10:00:00	O3_y.2	15.0
97	2015-01-02 10:00:00	O3_y.1	15.0
98	2015-01-02 10:00:00	O3_y	15.0
99	2015-01-02 11:00:00	O3_y.1	32.0
100	2015-01-02 11:00:00	O3_y.2	32.0
101	2015-01-02 11:00:00	O3	19.0
102	2015-01-02 11:00:00	O3_y	32.0
103	2015-01-02 11:00:00	O3_y.3	32.0
104	2015-01-02 11:00:00	RH_2_x	43.5
105	2015-01-02 11:00:00	TMP_x	15.9
106	2015-01-02 11:00:00	TMP_2_y	19.3
107	2015-01-02 11:00:00	O3_x	23.5
108	2015-01-02 12:00:00	O3_y.3	39.0
109	2015-01-02 12:00:00	O3_x	33.75
110	2015-01-02 12:00:00	O3_y.2	39.0
111	2015-01-02 12:00:00	O3_y	39.0
112	2015-01-02 12:00:00	RH_2_x	37.0
113	2015-01-02 12:00:00	TMP_2_y	20.2
114	2015-01-02 12:00:00	TMP_x	18.075
115	2015-01-02 12:00:00	O3_y.1	39.0
116	2015-01-02 12:00:00	O3	31.0
117	2015-01-02 13:00:00	O3_y.3	41.0
118	2015-01-02 13:00:00	O3_x	37.5
119	2015-01-02 13:00:00	O3_y.2	41.0
120	2015-01-02 13:00:00	RH_2_x	33.75
121	2015-01-02 13:00:00	TMP_2_y	20.9
122	2015-01-02 13:00:00	TMP_x	19.175
123	2015-01-02 13:00:00	O3	34.0
124	2015-01-02 13:00:00	O3_y.1	41.0
125	2015-01-02 13:00:00	O3_y	41.0
126	2015-01-02 14:00:00	TMP_2_y	20.6
127	2015-01-02 14:00:00	O3_y.3	42.0
128	2015-01-02 14:00:00	TMP_x	20.2
129	2015-01-02 14:00:00	O3_x	38.0
130	2015-01-02 14:00:00	RH_2_x	28.66666666666667
131	2015-01-02 14:00:00	O3_y.1	42.0
132	2015-01-02 14:00:00	O3	33.0
133	2015-01-02 14:00:00	O3_y	42.0
134	2015-01-02 14:00:00	O3_y.2	42.0
135	2015-01-02 15:00:00	O3_x	38.5
136	2015-01-02 15:00:00	O3_y.2	43.0
137	2015-01-02 15:00:00	TMP_2_y	21.0
138	2015-01-02 15:00:00	O3_y	43.0
139	2015-01-02 15:00:00	RH_2_x	28.75
140	2015-01-02 15:00:00	O3_y.3	43.0
141	2015-01-02 15:00:00	TMP_x	20.175
142	2015-01-02 15:00:00	O3_y.1	43.0
143	2015-01-02 15:00:00	O3	34.0
144	2015-01-02 16:00:00	TMP_2_y	20.5
145	2015-01-02 16:00:00	O3_y.3	42.0
146	2015-01-02 16:00:00	TMP_x	19.875
147	2015-01-02 16:00:00	O3_y.1	42.0
148	2015-01-02 16:00:00	O3_y	42.0
149	2015-01-02 16:00:00	RH_2_x	29.75
150	2015-01-02 16:00:00	O3_x	39.25
151	2015-01-02 16:00:00	O3_y.2	42.0
152	2015-01-02 16:00:00	O3	37.0
153	2015-01-02 17:00:00	TMP_x	19.125
154	2015-01-02 17:00:00	O3_y	42.0
155	2015-01-02 17:00:00	O3	32.0
156	2015-01-02 17:00:00	TMP_2_y	19.8
157	2015-01-02 17:00:00	O3_y.1	42.0
158	2015-01-02 17:00:00	O3_y.3	42.0
159	2015-01-02 17:00:00	O3_x	35.75
160	2015-01-02 17:00:00	RH_2_x	32.25
161	2015-01-02 17:00:00	O3_y.2	42.0
162	2015-01-02 18:00:00	RH_2_x	37.333333333333336
163	2015-01-02 18:00:00	TMP_x	17.633333333333336
164	2015-01-02 18:00:00	TMP_2_y	17.7
165	2015-01-02 18:00:00	O3_x	30.66666666666667
166	2015-01-02 18:00:00	O3	27.0
167	2015-01-02 18:00:00	O3_y	36.0
168	2015-01-02 18:00:00	O3_y.2	36.0
169	2015-01-02 18:00:00	O3_y.3	36.0
170	2015-01-02 18:00:00	O3_y.1	36.0
171	2015-01-02 19:00:00	O3	18.0
172	2015-01-02 19:00:00	O3_y	27.0
173	2015-01-02 19:00:00	O3_y.2	27.0
174	2015-01-02 19:00:00	O3_x	21.0
175	2015-01-02 19:00:00	RH_2_x	43.0
176	2015-01-02 19:00:00	O3_y.1	27.0
177	2015-01-02 19:00:00	TMP_x	16.133333333333336
178	2015-01-02 19:00:00	TMP_2_y	16.6
179	2015-01-02 19:00:00	O3_y.3	27.0
180	2015-01-02 20:00:00	RH_2_x	46.75
181	2015-01-02 20:00:00	TMP_2_y	17.3
182	2015-01-02 20:00:00	O3_y.1	19.0
183	2015-01-02 20:00:00	O3	8.0
184	2015-01-02 20:00:00	O3_y.2	19.0
185	2015-01-02 20:00:00	O3_y	19.0
186	2015-01-02 20:00:00	TMP_x	15.725
187	2015-01-02 20:00:00	O3_y.3	19.0
188	2015-01-02 20:00:00	O3_x	11.25
189	2015-01-02 21:00:00	O3_y.3	10.0
190	2015-01-02 21:00:00	RH_2_x	51.75
191	2015-01-02 21:00:00	O3_y.2	10.0
192	2015-01-02 21:00:00	O3	3.0
193	2015-01-02 21:00:00	O3_x	5.75
194	2015-01-02 21:00:00	O3_y.1	10.0
195	2015-01-02 21:00:00	TMP_2_y	16.1
196	2015-01-02 21:00:00	TMP_x	14.625
197	2015-01-02 21:00:00	O3_y	10.0
198	2015-01-02 22:00:00	O3_y.2	11.0
199	2015-01-02 22:00:00	O3	2.0
200	2015-01-02 22:00:00	O3_x	4.75
201	2015-01-02 22:00:00	O3_y.3	11.0
202	2015-01-02 22:00:00	O3_y.1	11.0
203	2015-01-02 22:00:00	RH_2_x	54.25
204	2015-01-02 22:00:00	TMP_2_y	15.6
205	2015-01-02 22:00:00	O3_y	11.0
206	2015-01-02 22:00:00	TMP_x	13.925
207	2015-01-02 23:00:00	O3	1.0
208	2015-01-02 23:00:00	O3_y.2	5.0
209	2015-01-02 23:00:00	TMP_2_y	14.9
210	2015-01-02 23:00:00	O3_y	5.0
211	2015-01-02 23:00:00	O3_x	3.25
212	2015-01-02 23:00:00	O3_y.3	5.0
213	2015-01-02 23:00:00	O3_y.1	5.0
214	2015-01-02 23:00:00	TMP_x	13.275
215	2015-01-02 23:00:00	RH_2_x	57.5
216	2015-01-03 00:00:00	O3	1.0
217	2015-01-03 00:00:00	TMP_x	12.575
218	2015-01-03 00:00:00	RH_2_x	66.5
219	2015-01-03 00:00:00	O3_y	3.0
220	2015-01-03 00:00:00	TMP_2_y	14.3
221	2015-01-03 00:00:00	O3_x	1.75
222	2015-01-03 00:00:00	O3_y.1	3.0
223	2015-01-03 00:00:00	O3_y.3	3.0
224	2015-01-03 00:00:00	O3_y.2	3.0
225	2015-01-03 01:00:00	O3_y.1	6.0
226	2015-01-03 01:00:00	O3_y.2	6.0
227	2015-01-03 01:00:00	TMP_2_y	14.5
228	2015-01-03 01:00:00	O3_y	6.0
229	2015-01-03 01:00:00	O3	2.0
230	2015-01-03 01:00:00	RH_2_x	60.5
231	2015-01-03 01:00:00	TMP_x	12.375
232	2015-01-03 01:00:00	O3_y.3	6.0
233	2015-01-03 01:00:00	O3_x	3.75
234	2015-01-03 02:00:00	O3_y.3	8.0
235	2015-01-03 02:00:00	TMP_x	11.75
236	2015-01-03 02:00:00	O3	2.0
237	2015-01-03 02:00:00	O3_x	3.75
238	2015-01-03 02:00:00	TMP_2_y	13.9
239	2015-01-03 02:00:00	O3_y.2	8.0
240	2015-01-03 02:00:00	RH_2_x	64.25
241	2015-01-03 02:00:00	O3_y.1	8.0
242	2015-01-03 02:00:00	O3_y	8.0
243	2015-01-03 03:00:00	TMP_2_y	13.2
244	2015-01-03 03:00:00	O3_y.3	11.0
245	2015-01-03 03:00:00	O3	3.0
246	2015-01-03 03:00:00	O3_y.1	11.0
247	2015-01-03 03:00:00	O3_y	11.0
248	2015-01-03 03:00:00	RH_2_x	67.5
249	2015-01-03 03:00:00	O3_y.2	11.0
250	2015-01-03 03:00:00	TMP_x	11.349999999999998
251	2015-01-03 03:00:00	O3_x	6.5
252	2015-01-03 04:00:00	O3_y.1	9.0
253	2015-01-03 04:00:00	TMP_x	10.575
254	2015-01-03 04:00:00	O3_y.2	9.0
255	2015-01-03 04:00:00	O3	3.0
256	2015-01-03 04:00:00	O3_y	9.0
257	2015-01-03 04:00:00	O3_x	5.75
258	2015-01-03 04:00:00	RH_2_x	68.5
259	2015-01-03 04:00:00	O3_y.3	9.0
260	2015-01-03 04:00:00	TMP_2_y	12.8
261	2015-01-03 05:00:00	O3_x	10.25
262	2015-01-03 05:00:00	RH_2_x	69.0
263	2015-01-03 05:00:00	O3_y.3	13.0
264	2015-01-03 05:00:00	O3_y	13.0
265	2015-01-03 05:00:00	O3_y.1	13.0
266	2015-01-03 05:00:00	TMP_2_y	12.7
267	2015-01-03 05:00:00	O3_y.2	13.0
268	2015-01-03 05:00:00	TMP_x	10.874999999999998
269	2015-01-03 05:00:00	O3	5.0
270	2015-01-03 06:00:00	TMP_x	10.375
271	2015-01-03 06:00:00	O3_y	17.0
272	2015-01-03 06:00:00	O3_y.1	17.0
273	2015-01-03 06:00:00	RH_2_x	72.5
274	2015-01-03 06:00:00	O3	1.0
275	2015-01-03 06:00:00	O3_y.2	17.0
276	2015-01-03 06:00:00	TMP_2_y	12.6
277	2015-01-03 06:00:00	O3_y.3	17.0
278	2015-01-03 06:00:00	O3_x	7.5
279	2015-01-03 07:00:00	O3_y.2	4.0
280	2015-01-03 07:00:00	RH_2_x	75.25
281	2015-01-03 07:00:00	TMP_2_y	12.1
282	2015-01-03 07:00:00	O3_y.3	4.0
283	2015-01-03 07:00:00	TMP_x	9.825
284	2015-01-03 07:00:00	O3	0.0
285	2015-01-03 07:00:00	O3_y	4.0
286	2015-01-03 07:00:00	O3_x	2.25
287	2015-01-03 07:00:00	O3_y.1	4.0
288	2015-01-03 08:00:00	RH_2_x	71.0
289	2015-01-03 08:00:00	TMP_2_y	13.7
290	2015-01-03 08:00:00	TMP_x	9.575
291	2015-01-03 08:00:00	O3_y.2	5.0
292	2015-01-03 08:00:00	O3_y.3	5.0
293	2015-01-03 08:00:00	O3_x	2.5
294	2015-01-03 08:00:00	O3	1.0
295	2015-01-03 08:00:00	O3_y.1	5.0
296	2015-01-03 08:00:00	O3_y	5.0
297	2015-01-03 09:00:00	O3_y.2	10.0
298	2015-01-03 09:00:00	TMP_x	11.650000000000002
299	2015-01-03 09:00:00	O3	4.0
300	2015-01-03 09:00:00	TMP_2_y	16.7
301	2015-01-03 09:00:00	RH_2_x	61.5
302	2015-01-03 09:00:00	O3_y	10.0
303	2015-01-03 09:00:00	O3_y.3	10.0
304	2015-01-03 09:00:00	O3_x	7.0
305	2015-01-03 09:00:00	O3_y.1	10.0
306	2015-01-03 10:00:00	O3_y	22.0
307	2015-01-03 10:00:00	O3	11.0
308	2015-01-03 10:00:00	O3_x	16.333333333333332
309	2015-01-03 10:00:00	TMP_x	14.733333333333334
310	2015-01-03 10:00:00	O3_y.2	22.0
311	2015-01-03 10:00:00	O3_y.1	22.0
312	2015-01-03 10:00:00	O3_y.3	22.0
313	2015-01-03 10:00:00	RH_2_x	47.66666666666666
314	2015-01-03 10:00:00	TMP_2_y	17.7
315	2015-01-03 11:00:00	O3_y.1	29.0
316	2015-01-03 11:00:00	TMP_2_y	17.7
317	2015-01-03 11:00:00	RH_2_x	41.75
318	2015-01-03 11:00:00	O3	19.0
319	2015-01-03 11:00:00	O3_y.3	29.0
320	2015-01-03 11:00:00	O3_y.2	29.0
321	2015-01-03 11:00:00	O3_x	23.75
322	2015-01-03 11:00:00	O3_y	29.0
323	2015-01-03 11:00:00	TMP_x	16.6
324	2015-01-03 12:00:00	RH_2_x	36.0
325	2015-01-03 12:00:00	TMP_2_y	19.3
326	2015-01-03 12:00:00	O3_x	26.0
327	2015-01-03 12:00:00	TMP_x	17.125
328	2015-01-03 12:00:00	O3	24.0
329	2015-01-03 12:00:00	O3_y.2	30.0
330	2015-01-03 12:00:00	O3_y.3	30.0
331	2015-01-03 12:00:00	O3_y.1	30.0
332	2015-01-03 12:00:00	O3_y	30.0
333	2015-01-03 13:00:00	RH_2_x	32.25
334	2015-01-03 13:00:00	O3_y.1	33.0
335	2015-01-03 13:00:00	O3	30.0
336	2015-01-03 13:00:00	O3_y.2	33.0
337	2015-01-03 13:00:00	TMP_2_y	19.6
338	2015-01-03 13:00:00	O3_y	33.0
339	2015-01-03 13:00:00	O3_x	32.0
340	2015-01-03 13:00:00	TMP_x	18.925
341	2015-01-03 13:00:00	O3_y.3	33.0
342	2015-01-03 14:00:00	O3	30.0
343	2015-01-03 14:00:00	O3_x	33.0
344	2015-01-03 14:00:00	O3_y.3	38.0
345	2015-01-03 14:00:00	O3_y.1	38.0
346	2015-01-03 14:00:00	TMP_x	19.53333333333333
347	2015-01-03 14:00:00	TMP_2_y	19.9
348	2015-01-03 14:00:00	O3_y.2	38.0
349	2015-01-03 14:00:00	RH_2_x	31.66666666666667
350	2015-01-03 14:00:00	O3_y	38.0
351	2015-01-03 15:00:00	RH_2_x	32.0
352	2015-01-03 15:00:00	O3_y.1	37.0
353	2015-01-03 15:00:00	O3_y	37.0
354	2015-01-03 15:00:00	TMP_x	19.55
355	2015-01-03 15:00:00	O3_y.2	37.0
356	2015-01-03 15:00:00	O3_y.3	37.0
357	2015-01-03 15:00:00	TMP_2_y	20.3
358	2015-01-03 15:00:00	O3	36.0
359	2015-01-03 15:00:00	O3_x	36.5
360	2015-01-03 16:00:00	O3	36.0
361	2015-01-03 16:00:00	TMP_2_y	19.5
362	2015-01-03 16:00:00	O3_y.1	38.0
363	2015-01-03 16:00:00	RH_2_x	31.66666666666667
364	2015-01-03 16:00:00	O3_y.3	38.0
365	2015-01-03 16:00:00	O3_y	38.0
366	2015-01-03 16:00:00	TMP_x	19.9
367	2015-01-03 16:00:00	O3_y.2	38.0
368	2015-01-03 16:00:00	O3_x	37.0
369	2015-01-03 17:00:00	O3	29.0
370	2015-01-03 17:00:00	O3_y.3	37.0
371	2015-01-03 17:00:00	O3_y	37.0
372	2015-01-03 17:00:00	O3_y.2	37.0
373	2015-01-03 17:00:00	TMP_2_y	18.5
374	2015-01-03 17:00:00	RH_2_x	39.0
375	2015-01-03 17:00:00	O3_y.1	37.0
376	2015-01-03 17:00:00	O3_x	32.666666666666664
377	2015-01-03 17:00:00	TMP_x	19.166666666666668
378	2015-01-03 18:00:00	TMP_2_y	17.5
379	2015-01-03 18:00:00	TMP_x	17.566666666666666
380	2015-01-03 18:00:00	O3_y.1	34.0
381	2015-01-03 18:00:00	O3_y.2	34.0
382	2015-01-03 18:00:00	O3_x	25.0
383	2015-01-03 18:00:00	O3	18.0
384	2015-01-03 18:00:00	O3_y.3	34.0
385	2015-01-03 18:00:00	RH_2_x	44.33333333333334
386	2015-01-03 18:00:00	O3_y	34.0
387	2015-01-03 19:00:00	O3_y.2	24.0
388	2015-01-03 19:00:00	O3_y.1	24.0
389	2015-01-03 19:00:00	TMP_2_y	17.8
390	2015-01-03 19:00:00	O3	12.0
391	2015-01-03 19:00:00	O3_y.3	24.0
392	2015-01-03 19:00:00	RH_2_x	48.25
393	2015-01-03 19:00:00	O3_y	24.0
394	2015-01-03 19:00:00	TMP_x	16.675
395	2015-01-03 19:00:00	O3_x	16.75
396	2015-01-03 20:00:00	TMP_x	15.724999999999998
397	2015-01-03 20:00:00	O3_x	12.75
398	2015-01-03 20:00:00	RH_2_x	52.5
399	2015-01-03 20:00:00	O3_y.2	20.0
400	2015-01-03 20:00:00	TMP_2_y	16.9
401	2015-01-03 20:00:00	O3	8.0
402	2015-01-03 20:00:00	O3_y.3	20.0
403	2015-01-03 20:00:00	O3_y.1	20.0
404	2015-01-03 20:00:00	O3_y	20.0
405	2015-01-03 21:00:00	O3_y.1	18.0
406	2015-01-03 21:00:00	RH_2_x	56.5
407	2015-01-03 21:00:00	O3_y.3	18.0
408	2015-01-03 21:00:00	TMP_x	15.0
409	2015-01-03 21:00:00	O3	4.0
410	2015-01-03 21:00:00	TMP_2_y	16.3
411	2015-01-03 21:00:00	O3_x	9.5
412	2015-01-03 21:00:00	O3_y	18.0
413	2015-01-03 21:00:00	O3_y.2	18.0
414	2015-01-03 22:00:00	RH_2_x	59.25
415	2015-01-03 22:00:00	O3	2.0
416	2015-01-03 22:00:00	O3_x	5.0
417	2015-01-03 22:00:00	TMP_2_y	15.8
418	2015-01-03 22:00:00	O3_y.3	11.0
419	2015-01-03 22:00:00	O3_y.1	11.0
420	2015-01-03 22:00:00	TMP_x	14.125
421	2015-01-03 22:00:00	O3_y.2	11.0
422	2015-01-03 22:00:00	O3_y	11.0
423	2015-01-03 23:00:00	O3_y.3	3.0
424	2015-01-03 23:00:00	O3_y.1	3.0
425	2015-01-03 23:00:00	RH_2_x	62.0
426	2015-01-03 23:00:00	O3_y	3.0
427	2015-01-03 23:00:00	O3_y.2	3.0
428	2015-01-03 23:00:00	TMP_2_y	15.3
429	2015-01-03 23:00:00	TMP_x	13.425
430	2015-01-03 23:00:00	O3_x	1.75
431	2015-01-03 23:00:00	O3	1.0
432	2015-01-04 00:00:00	O3_x	16.0
433	2015-01-04 00:00:00	TMP_x	8.3
434	2015-01-04 00:00:00	O3_y.1	22.0
435	2015-01-04 00:00:00	TMP_2_y	11.3
436	2015-01-04 00:00:00	O3_y	22.0
437	2015-01-04 00:00:00	O3	10.0
438	2015-01-04 00:00:00	O3_y.3	22.0
439	2015-01-04 00:00:00	O3_y.2	22.0
440	2015-01-04 00:00:00	RH_2_x	64.5
441	2015-01-04 03:00:00	TMP_2_y	12.2
442	2015-01-04 03:00:00	RH_2_x	73.2
443	2015-01-04 03:00:00	O3_y.2	4.0
444	2015-01-04 03:00:00	O3_y.3	4.0
445	2015-01-04 03:00:00	O3_x	2.2
446	2015-01-04 03:00:00	O3	1.0
447	2015-01-04 03:00:00	O3_y.1	4.0
448	2015-01-04 03:00:00	O3_y	4.0
449	2015-01-04 03:00:00	TMP_x	9.9
450	2015-01-04 04:00:00	O3_y.3	8.0
451	2015-01-04 04:00:00	O3_x	3.2
452	2015-01-04 04:00:00	O3	1.0
453	2015-01-04 04:00:00	O3_y	8.0
454	2015-01-04 04:00:00	RH_2_x	73.2
455	2015-01-04 04:00:00	O3_y.1	8.0
456	2015-01-04 04:00:00	O3_y.2	8.0
457	2015-01-04 04:00:00	TMP_x	9.72
458	2015-01-04 04:00:00	TMP_2_y	12.1
459	2015-01-04 05:00:00	O3_y.3	4.0
460	2015-01-04 05:00:00	O3	1.0
461	2015-01-04 05:00:00	O3_y.1	4.0
462	2015-01-04 05:00:00	TMP_x	8.98
463	2015-01-04 05:00:00	RH_2_x	76.0
464	2015-01-04 05:00:00	O3_x	1.8
465	2015-01-04 05:00:00	O3_y	4.0
466	2015-01-04 05:00:00	TMP_2_y	10.7
467	2015-01-04 05:00:00	O3_y.2	4.0
468	2015-01-04 06:00:00	TMP_x	8.6
469	2015-01-04 06:00:00	RH_2_x	77.0
470	2015-01-04 06:00:00	TMP_2_y	10.4
471	2015-01-04 06:00:00	O3_y	3.0
472	2015-01-04 06:00:00	O3	1.0
473	2015-01-04 06:00:00	O3_x	1.8
474	2015-01-04 06:00:00	O3_y.2	3.0
475	2015-01-04 06:00:00	O3_y.3	3.0
476	2015-01-04 06:00:00	O3_y.1	3.0
477	2015-01-04 07:00:00	O3_y.2	2.0
478	2015-01-04 07:00:00	O3_x	1.6
479	2015-01-04 07:00:00	TMP_x	8.52
480	2015-01-04 07:00:00	O3_y.3	2.0
481	2015-01-04 07:00:00	RH_2_x	76.6
482	2015-01-04 07:00:00	O3_y	2.0
483	2015-01-04 07:00:00	TMP_2_y	10.7
484	2015-01-04 07:00:00	O3	1.0
485	2015-01-04 07:00:00	O3_y.1	2.0
486	2015-01-04 08:00:00	O3_y.3	3.0
487	2015-01-04 08:00:00	RH_2_x	75.2
488	2015-01-04 08:00:00	TMP_2_y	10.6
489	2015-01-04 08:00:00	O3_y	3.0
490	2015-01-04 08:00:00	O3_y.2	3.0
491	2015-01-04 08:00:00	O3_x	2.0
492	2015-01-04 08:00:00	O3_y.1	3.0
493	2015-01-04 08:00:00	O3	1.0
494	2015-01-04 08:00:00	TMP_x	8.48
495	2015-01-04 09:00:00	O3_y	6.0
496	2015-01-04 09:00:00	TMP_x	9.320000000000002
497	2015-01-04 09:00:00	O3	2.0
498	2015-01-04 09:00:00	O3_y.1	6.0
499	2015-01-04 09:00:00	O3_y.3	6.0
500	2015-01-04 09:00:00	O3_y.2	6.0
501	2015-01-04 09:00:00	TMP_2_y	11.8
502	2015-01-04 09:00:00	RH_2_x	71.4
503	2015-01-04 09:00:00	O3_x	3.8
504	2015-01-04 10:00:00	O3_y.3	10.0
505	2015-01-04 10:00:00	RH_2_x	64.2
506	2015-01-04 10:00:00	O3	4.0
507	2015-01-04 10:00:00	TMP_x	11.320000000000002
508	2015-01-04 10:00:00	O3_y.2	10.0
509	2015-01-04 10:00:00	TMP_2_y	14.2
510	2015-01-04 10:00:00	O3_y	10.0
511	2015-01-04 10:00:00	O3_y.1	10.0
512	2015-01-04 10:00:00	O3_x	6.8
513	2015-01-04 11:00:00	O3	8.0
514	2015-01-04 11:00:00	RH_2_x	56.6
515	2015-01-04 11:00:00	O3_y.2	20.0
516	2015-01-04 11:00:00	O3_y	20.0
517	2015-01-04 11:00:00	O3_y.3	20.0
518	2015-01-04 11:00:00	O3_y.1	20.0
519	2015-01-04 11:00:00	TMP_2_y	17.6
520	2015-01-04 11:00:00	TMP_x	13.54
521	2015-01-04 11:00:00	O3_x	14.0
522	2015-01-04 12:00:00	TMP_x	16.080000000000002
523	2015-01-04 12:00:00	O3	21.0
524	2015-01-04 12:00:00	O3_y.1	33.0
525	2015-01-04 12:00:00	TMP_2_y	19.7
526	2015-01-04 12:00:00	O3_y.3	33.0
527	2015-01-04 12:00:00	O3_y	33.0
528	2015-01-04 12:00:00	O3_y.2	33.0
529	2015-01-04 12:00:00	O3_x	26.6
530	2015-01-04 12:00:00	RH_2_x	48.8
531	2015-01-04 13:00:00	O3_x	38.4
532	2015-01-04 13:00:00	O3_y.2	43.0
533	2015-01-04 13:00:00	TMP_x	18.0
534	2015-01-04 13:00:00	O3_y.1	43.0
535	2015-01-04 13:00:00	O3_y	43.0
536	2015-01-04 13:00:00	O3	33.0
537	2015-01-04 13:00:00	RH_2_x	42.8
538	2015-01-04 13:00:00	O3_y.3	43.0
539	2015-01-04 13:00:00	TMP_2_y	20.7
540	2015-01-04 14:00:00	O3_x	43.8
541	2015-01-04 14:00:00	O3_y.1	49.0
542	2015-01-04 14:00:00	O3_y.2	49.0
543	2015-01-04 14:00:00	TMP_2_y	20.2
544	2015-01-04 14:00:00	O3_y	49.0
545	2015-01-04 14:00:00	O3_y.3	49.0
546	2015-01-04 14:00:00	RH_2_x	40.0
547	2015-01-04 14:00:00	O3	40.0
548	2015-01-04 14:00:00	TMP_x	19.16
549	2015-01-04 15:00:00	TMP_2_y	20.5
550	2015-01-04 15:00:00	O3_y	59.0
551	2015-01-04 15:00:00	O3_y.2	59.0
552	2015-01-04 15:00:00	O3_y.3	59.0
553	2015-01-04 15:00:00	O3_x	45.8
554	2015-01-04 15:00:00	RH_2_x	40.2
555	2015-01-04 15:00:00	TMP_x	19.58
556	2015-01-04 15:00:00	O3	38.0
557	2015-01-04 15:00:00	O3_y.1	59.0
558	2015-01-04 16:00:00	O3	30.0
559	2015-01-04 16:00:00	RH_2_x	44.0
560	2015-01-04 16:00:00	O3_y.3	65.0
561	2015-01-04 16:00:00	O3_y.1	65.0
562	2015-01-04 16:00:00	O3_y.2	65.0
563	2015-01-04 16:00:00	O3_y	65.0
564	2015-01-04 16:00:00	TMP_2_y	20.4
565	2015-01-04 16:00:00	O3_x	40.6
566	2015-01-04 16:00:00	TMP_x	19.2
567	2015-01-04 17:00:00	O3_y	56.0
568	2015-01-04 17:00:00	O3_y.1	56.0
569	2015-01-04 17:00:00	O3_y.3	56.0
570	2015-01-04 17:00:00	RH_2_x	49.75
571	2015-01-04 17:00:00	TMP_x	17.675
572	2015-01-04 17:00:00	O3	26.0
573	2015-01-04 17:00:00	O3_y.2	56.0
574	2015-01-04 17:00:00	TMP_2_y	19.9
575	2015-01-04 17:00:00	O3_x	35.5
576	2015-01-04 18:00:00	O3_y	29.0
577	2015-01-04 18:00:00	O3_y.2	29.0
578	2015-01-04 18:00:00	TMP_x	15.675
579	2015-01-04 18:00:00	RH_2_x	56.5
580	2015-01-04 18:00:00	O3	19.0
581	2015-01-04 18:00:00	TMP_2_y	17.6
582	2015-01-04 18:00:00	O3_y.3	29.0
583	2015-01-04 18:00:00	O3_x	24.5
584	2015-01-04 18:00:00	O3_y.1	29.0
585	2015-01-04 19:00:00	TMP_x	14.12
586	2015-01-04 19:00:00	O3_y.3	23.0
587	2015-01-04 19:00:00	O3_y.1	23.0
588	2015-01-04 19:00:00	TMP_2_y	15.7
589	2015-01-04 19:00:00	O3_y	23.0
590	2015-01-04 19:00:00	O3_y.2	23.0
591	2015-01-04 19:00:00	O3	12.0
592	2015-01-04 19:00:00	O3_x	18.2
593	2015-01-04 19:00:00	RH_2_x	60.2
594	2015-01-04 20:00:00	O3_y.1	23.0
595	2015-01-04 20:00:00	O3	11.0
596	2015-01-04 20:00:00	O3_x	15.6
597	2015-01-04 20:00:00	O3_y	23.0
598	2015-01-04 20:00:00	O3_y.2	23.0
599	2015-01-04 20:00:00	O3_y.3	23.0
600	2015-01-04 20:00:00	RH_2_x	63.2
601	2015-01-04 20:00:00	TMP_x	13.320000000000002
602	2015-01-04 20:00:00	TMP_2_y	14.9
603	2015-01-04 21:00:00	TMP_2_y	14.5
604	2015-01-04 21:00:00	O3_y.3	20.0
605	2015-01-04 21:00:00	TMP_x	12.4
606	2015-01-04 21:00:00	RH_2_x	67.0
607	2015-01-04 21:00:00	O3_y.1	20.0
608	2015-01-04 21:00:00	O3_y.2	20.0
609	2015-01-04 21:00:00	O3_x	11.4
610	2015-01-04 21:00:00	O3	7.0
611	2015-01-04 21:00:00	O3_y	20.0
612	2015-01-04 22:00:00	O3_y.2	20.0
613	2015-01-04 22:00:00	TMP_x	11.675
614	2015-01-04 22:00:00	RH_2_x	68.75
615	2015-01-04 22:00:00	O3_y.1	20.0
616	2015-01-04 22:00:00	O3	7.0
617	2015-01-04 22:00:00	O3_y	20.0
618	2015-01-04 22:00:00	O3_x	11.25
619	2015-01-04 22:00:00	O3_y.3	20.0
620	2015-01-04 22:00:00	TMP_2_y	13.3
621	2015-01-04 23:00:00	O3_y.1	22.0
622	2015-01-04 23:00:00	TMP_2_y	11.9
623	2015-01-04 23:00:00	O3_x	11.25
624	2015-01-04 23:00:00	O3_y.3	22.0
625	2015-01-04 23:00:00	O3_y	22.0
626	2015-01-04 23:00:00	O3_y.2	22.0
627	2015-01-04 23:00:00	TMP_x	10.5
628	2015-01-04 23:00:00	O3	5.0
629	2015-01-04 23:00:00	RH_2_x	71.5
630	2015-01-05 00:00:00	O3_x	6.4
631	2015-01-05 00:00:00	O3	2.0
632	2015-01-05 00:00:00	TMP_x	7.3599999999999985
633	2015-01-05 00:00:00	O3_y.2	17.0
634	2015-01-05 00:00:00	TMP_2_y	11.8
635	2015-01-05 00:00:00	O3_y.3	17.0
636	2015-01-05 00:00:00	O3_y.1	17.0
637	2015-01-05 00:00:00	O3_y	17.0
638	2015-01-05 00:00:00	RH_2_x	73.4
639	2015-01-05 01:00:00	O3_y.2	25.0
640	2015-01-05 01:00:00	TMP_2_y	6.9
641	2015-01-05 01:00:00	O3	12.0
642	2015-01-05 01:00:00	O3_y.1	25.0
643	2015-01-05 01:00:00	TMP_x	7.449999999999998
644	2015-01-05 01:00:00	O3_y	25.0
645	2015-01-05 01:00:00	O3_y.3	25.0
646	2015-01-05 01:00:00	RH_2_x	76.5
647	2015-01-05 01:00:00	O3_x	18.5
648	2015-01-05 02:00:00	RH_2_x	77.0
649	2015-01-05 02:00:00	TMP_x	6.75
650	2015-01-05 02:00:00	O3_y	29.0
651	2015-01-05 02:00:00	TMP_2_y	6.4
652	2015-01-05 02:00:00	O3_y.3	29.0
653	2015-01-05 02:00:00	O3_y.1	29.0
654	2015-01-05 02:00:00	O3_y.2	29.0
655	2015-01-05 02:00:00	O3	12.0
656	2015-01-05 02:00:00	O3_x	20.5
657	2015-01-05 03:00:00	O3_y.1	27.0
658	2015-01-05 03:00:00	TMP_x	7.033333333333334
659	2015-01-05 03:00:00	O3_y.2	27.0
660	2015-01-05 03:00:00	O3_y	27.0
661	2015-01-05 03:00:00	O3_y.3	27.0
662	2015-01-05 03:00:00	O3_x	22.0
663	2015-01-05 03:00:00	O3	16.0
664	2015-01-05 03:00:00	RH_2_x	76.0
665	2015-01-05 03:00:00	TMP_2_y	8.4
666	2015-01-05 04:00:00	O3	17.0
667	2015-01-05 04:00:00	TMP_x	6.7333333333333325
668	2015-01-05 04:00:00	O3_y.3	28.0
669	2015-01-05 04:00:00	O3_x	22.33333333333333
670	2015-01-05 04:00:00	RH_2_x	77.0
671	2015-01-05 04:00:00	O3_y	28.0
672	2015-01-05 04:00:00	O3_y.2	28.0
673	2015-01-05 04:00:00	O3_y.1	28.0
674	2015-01-05 04:00:00	TMP_2_y	8.0
675	2015-01-05 05:00:00	O3_x	23.0
676	2015-01-05 05:00:00	O3_y	27.0
677	2015-01-05 05:00:00	RH_2_x	78.33333333333333
678	2015-01-05 05:00:00	O3_y.2	27.0
679	2015-01-05 05:00:00	O3	18.0
680	2015-01-05 05:00:00	TMP_x	6.566666666666667
681	2015-01-05 05:00:00	TMP_2_y	7.9
682	2015-01-05 05:00:00	O3_y.3	27.0
683	2015-01-05 05:00:00	O3_y.1	27.0
684	2015-01-05 06:00:00	O3	15.0
685	2015-01-05 06:00:00	O3_x	16.333333333333332
686	2015-01-05 06:00:00	TMP_2_y	8.0
687	2015-01-05 06:00:00	RH_2_x	80.0
688	2015-01-05 06:00:00	O3_y.2	18.0
689	2015-01-05 06:00:00	O3_y.3	18.0
690	2015-01-05 06:00:00	O3_y.1	18.0
691	2015-01-05 06:00:00	TMP_x	6.2333333333333325
692	2015-01-05 06:00:00	O3_y	18.0
693	2015-01-05 07:00:00	O3	3.0
694	2015-01-05 07:00:00	RH_2_x	81.25
695	2015-01-05 07:00:00	O3_y	12.0
696	2015-01-05 07:00:00	TMP_2_y	7.7
697	2015-01-05 07:00:00	O3_y.1	12.0
698	2015-01-05 07:00:00	TMP_x	5.3
699	2015-01-05 07:00:00	O3_y.3	12.0
700	2015-01-05 07:00:00	O3_x	8.5
701	2015-01-05 07:00:00	O3_y.2	12.0
702	2015-01-05 08:00:00	O3_y.1	10.0
703	2015-01-05 08:00:00	O3_y.3	10.0
704	2015-01-05 08:00:00	O3	4.0
705	2015-01-05 08:00:00	O3_x	6.6
706	2015-01-05 08:00:00	TMP_2_y	7.6
707	2015-01-05 08:00:00	O3_y.2	10.0
708	2015-01-05 08:00:00	RH_2_x	78.6
709	2015-01-05 08:00:00	O3_y	10.0
710	2015-01-05 08:00:00	TMP_x	5.739999999999998
711	2015-01-05 09:00:00	O3_y	17.0
712	2015-01-05 09:00:00	TMP_2_y	8.4
713	2015-01-05 09:00:00	O3_y.1	17.0
714	2015-01-05 09:00:00	O3_y.2	17.0
715	2015-01-05 09:00:00	O3_y.3	17.0
716	2015-01-05 09:00:00	O3_x	9.8
717	2015-01-05 09:00:00	RH_2_x	75.0
718	2015-01-05 09:00:00	TMP_x	6.840000000000002
719	2015-01-05 09:00:00	O3	5.0
720	2015-01-05 10:00:00	TMP_2_y	10.2
721	2015-01-05 10:00:00	O3_x	14.8
722	2015-01-05 10:00:00	O3	7.0
723	2015-01-05 10:00:00	O3_y.2	20.0
724	2015-01-05 10:00:00	TMP_x	8.0
725	2015-01-05 10:00:00	O3_y.1	20.0
726	2015-01-05 10:00:00	RH_2_x	70.0
727	2015-01-05 10:00:00	O3_y.3	20.0
728	2015-01-05 10:00:00	O3_y	20.0
729	2015-01-05 11:00:00	RH_2_x	65.4
730	2015-01-05 11:00:00	O3	13.0
731	2015-01-05 11:00:00	O3_x	19.2
732	2015-01-05 11:00:00	TMP_x	9.6
733	2015-01-05 11:00:00	O3_y.2	23.0
734	2015-01-05 11:00:00	TMP_2_y	12.6
735	2015-01-05 11:00:00	O3_y.1	23.0
736	2015-01-05 11:00:00	O3_y	23.0
737	2015-01-05 11:00:00	O3_y.3	23.0
738	2015-01-05 12:00:00	O3_y.2	27.0
739	2015-01-05 12:00:00	O3_y.1	27.0
740	2015-01-05 12:00:00	O3_y	27.0
741	2015-01-05 12:00:00	O3_x	22.8
742	2015-01-05 12:00:00	TMP_x	11.04
743	2015-01-05 12:00:00	O3	17.0
744	2015-01-05 12:00:00	TMP_2_y	13.2
745	2015-01-05 12:00:00	RH_2_x	61.8
746	2015-01-05 12:00:00	O3_y.3	27.0
747	2015-01-05 13:00:00	O3_y	30.0
748	2015-01-05 13:00:00	RH_2_x	59.4
749	2015-01-05 13:00:00	O3_y.3	30.0
750	2015-01-05 13:00:00	O3_x	25.0
751	2015-01-05 13:00:00	O3_y.1	30.0
752	2015-01-05 13:00:00	O3	19.0
753	2015-01-05 13:00:00	TMP_x	12.02
754	2015-01-05 13:00:00	TMP_2_y	14.6
755	2015-01-05 13:00:00	O3_y.2	30.0
756	2015-01-05 14:00:00	TMP_2_y	14.4
757	2015-01-05 14:00:00	O3_y.1	34.0
758	2015-01-05 14:00:00	TMP_x	12.56
759	2015-01-05 14:00:00	O3_x	26.6
760	2015-01-05 14:00:00	O3_y	34.0
761	2015-01-05 14:00:00	O3_y.3	34.0
762	2015-01-05 14:00:00	O3_y.2	34.0
763	2015-01-05 14:00:00	O3	20.0
764	2015-01-05 14:00:00	RH_2_x	59.2
765	2015-01-05 15:00:00	O3_x	24.8
766	2015-01-05 15:00:00	RH_2_x	59.2
767	2015-01-05 15:00:00	O3	16.0
768	2015-01-05 15:00:00	O3_y	36.0
769	2015-01-05 15:00:00	TMP_x	12.6
770	2015-01-05 15:00:00	O3_y.3	36.0
771	2015-01-05 15:00:00	O3_y.2	36.0
772	2015-01-05 15:00:00	O3_y.1	36.0
773	2015-01-05 15:00:00	TMP_2_y	14.1
774	2015-01-05 16:00:00	O3_y	34.0
775	2015-01-05 16:00:00	O3_y.3	34.0
776	2015-01-05 16:00:00	O3_y.1	34.0
777	2015-01-05 16:00:00	TMP_2_y	13.9
778	2015-01-05 16:00:00	RH_2_x	59.6
779	2015-01-05 16:00:00	O3_x	21.0
780	2015-01-05 16:00:00	O3	13.0
781	2015-01-05 16:00:00	TMP_x	12.28
782	2015-01-05 16:00:00	O3_y.2	34.0
783	2015-01-05 17:00:00	O3_y.1	32.0
784	2015-01-05 17:00:00	O3_y.2	32.0
785	2015-01-05 17:00:00	RH_2_x	60.4
786	2015-01-05 17:00:00	O3	9.0
787	2015-01-05 17:00:00	TMP_2_y	13.9
788	2015-01-05 17:00:00	O3_x	17.0
789	2015-01-05 17:00:00	O3_y.3	32.0
790	2015-01-05 17:00:00	TMP_x	12.08
791	2015-01-05 17:00:00	O3_y	32.0
792	2015-01-05 18:00:00	RH_2_x	61.6
793	2015-01-05 18:00:00	TMP_x	12.02
794	2015-01-05 18:00:00	O3_x	15.6
795	2015-01-05 18:00:00	O3	6.0
796	2015-01-05 18:00:00	O3_y.1	29.0
797	2015-01-05 18:00:00	O3_y.3	29.0
798	2015-01-05 18:00:00	O3_y	29.0
799	2015-01-05 18:00:00	O3_y.2	29.0
800	2015-01-05 18:00:00	TMP_2_y	13.8
801	2015-01-05 19:00:00	TMP_x	11.2
802	2015-01-05 19:00:00	O3	2.0
803	2015-01-05 19:00:00	O3_y.2	27.0
804	2015-01-05 19:00:00	TMP_2_y	13.3
805	2015-01-05 19:00:00	RH_2_x	64.6
806	2015-01-05 19:00:00	O3_y.1	27.0
807	2015-01-05 19:00:00	O3_x	11.6
808	2015-01-05 19:00:00	O3_y	27.0
809	2015-01-05 19:00:00	O3_y.3	27.0
810	2015-01-05 20:00:00	O3_y.3	21.0
811	2015-01-05 20:00:00	O3	2.0
812	2015-01-05 20:00:00	O3_x	11.0
813	2015-01-05 20:00:00	TMP_x	10.24
814	2015-01-05 20:00:00	TMP_2_y	12.0
815	2015-01-05 20:00:00	O3_y.1	21.0
816	2015-01-05 20:00:00	RH_2_x	67.4
817	2015-01-05 20:00:00	O3_y.2	21.0
818	2015-01-05 20:00:00	O3_y	21.0
819	2015-01-05 21:00:00	O3	3.0
820	2015-01-05 21:00:00	RH_2_x	71.75
821	2015-01-05 21:00:00	O3_x	8.75
822	2015-01-05 21:00:00	O3_y	18.0
823	2015-01-05 21:00:00	O3_y.1	18.0
824	2015-01-05 21:00:00	O3_y.3	18.0
825	2015-01-05 21:00:00	TMP_x	8.975
826	2015-01-05 21:00:00	TMP_2_y	10.6
827	2015-01-05 21:00:00	O3_y.2	18.0
828	2015-01-05 22:00:00	O3_y.1	20.0
829	2015-01-05 22:00:00	O3_x	7.8
830	2015-01-05 22:00:00	O3_y	20.0
831	2015-01-05 22:00:00	RH_2_x	74.0
832	2015-01-05 22:00:00	O3_y.2	20.0
833	2015-01-05 22:00:00	TMP_x	8.58
834	2015-01-05 22:00:00	O3	2.0
835	2015-01-05 22:00:00	O3_y.3	20.0
836	2015-01-05 22:00:00	TMP_2_y	10.5
837	2015-01-05 23:00:00	TMP_2_y	9.9
838	2015-01-05 23:00:00	O3_y.1	20.0
839	2015-01-05 23:00:00	O3_y	20.0
840	2015-01-05 23:00:00	O3_y.2	20.0
841	2015-01-05 23:00:00	O3_x	7.4
842	2015-01-05 23:00:00	O3	2.0
843	2015-01-05 23:00:00	RH_2_x	76.4
844	2015-01-05 23:00:00	TMP_x	7.7
845	2015-01-05 23:00:00	O3_y.3	20.0
846	2015-01-06 00:00:00	O3_y.3	20.0
847	2015-01-06 00:00:00	TMP_x	10.525000000000002
848	2015-01-06 00:00:00	O3_y.1	20.0
849	2015-01-06 00:00:00	O3_x	11.0
850	2015-01-06 00:00:00	O3	4.0
851	2015-01-06 00:00:00	TMP_2_y	11.8
852	2015-01-06 00:00:00	O3_y	20.0
853	2015-01-06 00:00:00	RH_2_x	76.0
854	2015-01-06 00:00:00	O3_y.2	20.0
855	2015-01-06 01:00:00	TMP_x	6.94
856	2015-01-06 01:00:00	O3	2.0
857	2015-01-06 01:00:00	TMP_2_y	9.0
858	2015-01-06 01:00:00	RH_2_x	80.8
859	2015-01-06 01:00:00	O3_y.2	12.0
860	2015-01-06 01:00:00	O3_x	5.8
861	2015-01-06 01:00:00	O3_y.3	12.0
862	2015-01-06 01:00:00	O3_y.1	12.0
863	2015-01-06 01:00:00	O3_y	12.0
864	2015-01-06 02:00:00	O3_y.1	7.0
865	2015-01-06 02:00:00	O3	1.0
866	2015-01-06 02:00:00	RH_2_x	82.4
867	2015-01-06 02:00:00	O3_y	7.0
868	2015-01-06 02:00:00	O3_x	4.0
869	2015-01-06 02:00:00	O3_y.2	7.0
870	2015-01-06 02:00:00	TMP_2_y	8.9
871	2015-01-06 02:00:00	TMP_x	6.300000000000002
872	2015-01-06 02:00:00	O3_y.3	7.0
873	2015-01-06 03:00:00	O3_y.3	6.0
874	2015-01-06 03:00:00	O3_y.1	6.0
875	2015-01-06 03:00:00	TMP_2_y	8.6
876	2015-01-06 03:00:00	TMP_x	6.0
877	2015-01-06 03:00:00	RH_2_x	84.2
878	2015-01-06 03:00:00	O3_y	6.0
879	2015-01-06 03:00:00	O3_x	3.2
880	2015-01-06 03:00:00	O3	1.0
881	2015-01-06 03:00:00	O3_y.2	6.0
882	2015-01-06 04:00:00	O3	1.0
883	2015-01-06 04:00:00	RH_2_x	87.0
884	2015-01-06 04:00:00	TMP_2_y	7.8
885	2015-01-06 04:00:00	O3_x	2.6
886	2015-01-06 04:00:00	O3_y.3	5.0
887	2015-01-06 04:00:00	O3_y	5.0
888	2015-01-06 04:00:00	TMP_x	5.3
889	2015-01-06 04:00:00	O3_y.2	5.0
890	2015-01-06 04:00:00	O3_y.1	5.0
891	2015-01-06 05:00:00	RH_2_x	91.0
892	2015-01-06 05:00:00	O3_x	1.6
893	2015-01-06 05:00:00	O3_y.1	3.0
894	2015-01-06 05:00:00	O3_y.2	3.0
895	2015-01-06 05:00:00	O3	1.0
896	2015-01-06 05:00:00	O3_y.3	3.0
897	2015-01-06 05:00:00	TMP_x	4.5600000000000005
898	2015-01-06 05:00:00	O3_y	3.0
899	2015-01-06 05:00:00	TMP_2_y	6.2
