	fecha	prediccion	medicion
0	2015-01-02 00:00:00	pred_1	35.557107006465074
1	2015-01-02 00:00:00	pred_5	31.13104984156982
2	2015-01-02 00:00:00	pred_6	37.88671628298415
3	2015-01-02 00:00:00	pred_3	32.32971436962486
4	2015-01-02 00:00:00	pred_7	37.167245544490044
5	2015-01-02 00:00:00	pred_12	38.18456379482415
6	2015-01-02 00:00:00	pred_2	32.58112671727549
7	2015-01-02 00:00:00	pred_9	35.24785254854167
8	2015-01-02 00:00:00	pred_10	41.00451214439797
9	2015-01-02 00:00:00	pred_11	44.17074331304945
10	2015-01-02 00:00:00	pred_8	38.24226882462234
11	2015-01-02 00:00:00	pred_4	36.92827243941422
12	2015-01-02 01:00:00	pred_9	32.409476798142464
13	2015-01-02 01:00:00	pred_8	31.293494614998693
14	2015-01-02 01:00:00	pred_4	28.05624469571164
15	2015-01-02 01:00:00	pred_12	28.828028554692203
16	2015-01-02 01:00:00	pred_11	32.55355290047197
17	2015-01-02 01:00:00	pred_3	27.755215234464778
18	2015-01-02 01:00:00	pred_6	29.08473425321654
19	2015-01-02 01:00:00	pred_7	26.43902120020341
20	2015-01-02 01:00:00	pred_2	24.341157230455888
21	2015-01-02 01:00:00	pred_10	31.918281009706067
22	2015-01-02 01:00:00	pred_1	28.59030891917346
23	2015-01-02 01:00:00	pred_5	27.688169944231248
24	2015-01-02 02:00:00	pred_12	70.71106716102645
25	2015-01-02 02:00:00	pred_8	85.03146811594091
26	2015-01-02 02:00:00	pred_11	73.64202275340192
27	2015-01-02 02:00:00	pred_7	87.1447795616869
28	2015-01-02 02:00:00	pred_2	94.73842460742328
29	2015-01-02 02:00:00	pred_4	85.47936373438814
30	2015-01-02 02:00:00	pred_9	79.79694617254562
31	2015-01-02 02:00:00	pred_10	76.90355226662285
32	2015-01-02 02:00:00	pred_1	91.8451307986392
33	2015-01-02 02:00:00	pred_3	95.77855704836337
34	2015-01-02 02:00:00	pred_5	89.27429362875607
35	2015-01-02 02:00:00	pred_6	86.93061866613779
36	2015-01-02 03:00:00	pred_6	24.64620447489929
37	2015-01-02 03:00:00	pred_12	28.562245360823677
38	2015-01-02 03:00:00	pred_10	27.344929082249365
39	2015-01-02 03:00:00	pred_2	23.094451924612642
40	2015-01-02 03:00:00	pred_11	25.48289863037924
41	2015-01-02 03:00:00	pred_8	26.424077533281
42	2015-01-02 03:00:00	pred_7	24.65393202830604
43	2015-01-02 03:00:00	pred_3	20.635046671962378
44	2015-01-02 03:00:00	pred_9	24.31816492487676
45	2015-01-02 03:00:00	pred_1	23.72404250627572
46	2015-01-02 03:00:00	pred_5	24.75951363204536
47	2015-01-02 03:00:00	pred_4	22.69900664431961
48	2015-01-02 04:00:00	pred_8	44.68250806162837
49	2015-01-02 04:00:00	pred_2	53.9653485550066
50	2015-01-02 04:00:00	pred_5	46.902662254444984
51	2015-01-02 04:00:00	pred_12	33.79459762242587
52	2015-01-02 04:00:00	pred_11	34.09645281908307
53	2015-01-02 04:00:00	pred_7	44.89460625318629
54	2015-01-02 04:00:00	pred_1	51.6541425540376
55	2015-01-02 04:00:00	pred_10	39.257717823561
56	2015-01-02 04:00:00	pred_6	47.309770547389604
57	2015-01-02 04:00:00	pred_3	45.945151287362506
58	2015-01-02 04:00:00	pred_4	45.843988762273185
59	2015-01-02 04:00:00	pred_9	40.91041904257968
60	2015-01-02 05:00:00	pred_7	95.39762069922732
61	2015-01-02 05:00:00	pred_8	94.92250726162493
62	2015-01-02 05:00:00	pred_1	102.95440169037116
63	2015-01-02 05:00:00	pred_6	93.82428592403986
64	2015-01-02 05:00:00	pred_3	101.53119243423592
65	2015-01-02 05:00:00	pred_5	97.20182425911474
66	2015-01-02 05:00:00	pred_4	93.94818364387541
67	2015-01-02 05:00:00	pred_2	106.0733724005616
68	2015-01-02 05:00:00	pred_9	88.67325290744397
69	2015-01-02 05:00:00	pred_12	81.74962719376305
70	2015-01-02 05:00:00	pred_10	88.18754715119623
71	2015-01-02 05:00:00	pred_11	80.20239412386405
72	2015-01-02 06:00:00	pred_6	19.187310204078837
73	2015-01-02 06:00:00	pred_8	10.838944664150029
74	2015-01-02 06:00:00	pred_9	10.54641167811431
75	2015-01-02 06:00:00	pred_7	16.540785942548688
76	2015-01-02 06:00:00	pred_3	17.588976766941148
77	2015-01-02 06:00:00	pred_10	11.126103017089083
78	2015-01-02 06:00:00	pred_1	25.186978004376282
79	2015-01-02 06:00:00	pred_5	20.55438533304529
80	2015-01-02 06:00:00	pred_12	8.501578813651562
81	2015-01-02 06:00:00	pred_2	20.883767973971427
82	2015-01-02 06:00:00	pred_4	21.49502146405789
83	2015-01-02 06:00:00	pred_11	10.185489754889213
84	2015-01-02 07:00:00	pred_11	28.892435302372746
85	2015-01-02 07:00:00	pred_6	40.965366605012676
86	2015-01-02 07:00:00	pred_3	37.164522741532224
87	2015-01-02 07:00:00	pred_2	42.517764931886454
88	2015-01-02 07:00:00	pred_7	39.89213864580399
89	2015-01-02 07:00:00	pred_8	35.807426780155524
90	2015-01-02 07:00:00	pred_1	42.512931413003884
91	2015-01-02 07:00:00	pred_10	31.773103795223307
92	2015-01-02 07:00:00	pred_4	40.59561397948695
93	2015-01-02 07:00:00	pred_9	32.835034528410695
94	2015-01-02 07:00:00	pred_12	32.484821832723554
95	2015-01-02 07:00:00	pred_5	42.78459048152306
96	2015-01-02 08:00:00	pred_2	29.217417294457857
97	2015-01-02 08:00:00	pred_4	30.064235031536327
98	2015-01-02 08:00:00	pred_11	38.36702922582217
99	2015-01-02 08:00:00	pred_12	37.906938455362095
100	2015-01-02 08:00:00	pred_10	35.7689730380689
101	2015-01-02 08:00:00	pred_7	28.34434784477913
102	2015-01-02 08:00:00	pred_9	32.09534187200767
103	2015-01-02 08:00:00	pred_3	25.441651974803506
104	2015-01-02 08:00:00	pred_1	28.98343027492413
105	2015-01-02 08:00:00	pred_8	32.879554681130585
106	2015-01-02 08:00:00	pred_5	27.45726426855146
107	2015-01-02 08:00:00	pred_6	31.794169120706897
108	2015-01-02 09:00:00	pred_12	56.709420402345465
109	2015-01-02 09:00:00	pred_7	60.94749098024025
110	2015-01-02 09:00:00	pred_8	60.906642120038654
111	2015-01-02 09:00:00	pred_11	54.830922541799936
112	2015-01-02 09:00:00	pred_1	60.388833103382225
113	2015-01-02 09:00:00	pred_4	57.673818729004346
114	2015-01-02 09:00:00	pred_2	61.77502096101728
115	2015-01-02 09:00:00	pred_9	57.192585224558364
116	2015-01-02 09:00:00	pred_5	58.858894951839254
117	2015-01-02 09:00:00	pred_10	57.853105226412055
118	2015-01-02 09:00:00	pred_3	62.80349612064815
119	2015-01-02 09:00:00	pred_6	60.017496637416066
120	2015-01-02 10:00:00	pred_6	20.59769435410812
121	2015-01-02 10:00:00	pred_4	22.000383366472764
122	2015-01-02 10:00:00	pred_7	25.673716148477354
123	2015-01-02 10:00:00	pred_9	20.74482872710347
124	2015-01-02 10:00:00	pred_5	21.07304576929512
125	2015-01-02 10:00:00	pred_8	21.00753922860742
126	2015-01-02 10:00:00	pred_10	21.754656674436802
127	2015-01-02 10:00:00	pred_1	20.153286260521647
128	2015-01-02 10:00:00	pred_11	27.62835960466233
129	2015-01-02 10:00:00	pred_2	20.40937801512177
130	2015-01-02 10:00:00	pred_12	22.43538792387801
131	2015-01-02 10:00:00	pred_3	18.151896343945307
132	2015-01-02 11:00:00	pred_3	42.66187364712911
133	2015-01-02 11:00:00	pred_5	45.274111841099035
134	2015-01-02 11:00:00	pred_11	54.92665072619271
135	2015-01-02 11:00:00	pred_7	47.85820498848146
136	2015-01-02 11:00:00	pred_4	45.03871513956231
137	2015-01-02 11:00:00	pred_6	46.06436736650162
138	2015-01-02 11:00:00	pred_12	56.57162666034721
139	2015-01-02 11:00:00	pred_1	43.814872162531756
140	2015-01-02 11:00:00	pred_10	56.06173945859202
141	2015-01-02 11:00:00	pred_8	43.943557187657106
142	2015-01-02 11:00:00	pred_9	47.24837215028312
143	2015-01-02 11:00:00	pred_2	41.827589483350856
144	2015-01-02 12:00:00	pred_6	55.43864474692021
145	2015-01-02 12:00:00	pred_9	61.898586711608715
146	2015-01-02 12:00:00	pred_7	58.451643413272656
147	2015-01-02 12:00:00	pred_2	47.89541887527022
148	2015-01-02 12:00:00	pred_10	63.7725662183358
149	2015-01-02 12:00:00	pred_8	56.251659499731495
150	2015-01-02 12:00:00	pred_12	61.58858253594251
151	2015-01-02 12:00:00	pred_4	52.29755222770849
152	2015-01-02 12:00:00	pred_3	48.537591610472965
153	2015-01-02 12:00:00	pred_5	49.65295249667736
154	2015-01-02 12:00:00	pred_1	45.83178728695015
155	2015-01-02 12:00:00	pred_11	64.20207819295528
156	2015-01-02 13:00:00	pred_11	29.996313244615997
157	2015-01-02 13:00:00	pred_4	24.839517032337675
158	2015-01-02 13:00:00	pred_3	21.22064036877755
159	2015-01-02 13:00:00	pred_5	24.57688769493691
160	2015-01-02 13:00:00	pred_6	26.571642087677603
161	2015-01-02 13:00:00	pred_12	31.70030524987943
162	2015-01-02 13:00:00	pred_2	21.94417938608545
163	2015-01-02 13:00:00	pred_9	25.935159323706554
164	2015-01-02 13:00:00	pred_7	26.54897217723295
165	2015-01-02 13:00:00	pred_1	24.26205501589439
166	2015-01-02 13:00:00	pred_8	30.19130587617143
167	2015-01-02 13:00:00	pred_10	30.75938622716129
168	2015-01-02 14:00:00	pred_3	105.19083840108769
169	2015-01-02 14:00:00	pred_1	105.20921929415354
170	2015-01-02 14:00:00	pred_11	113.65457336278631
171	2015-01-02 14:00:00	pred_8	117.1392463889807
172	2015-01-02 14:00:00	pred_7	113.9495449096662
173	2015-01-02 14:00:00	pred_2	108.40163290902659
174	2015-01-02 14:00:00	pred_10	115.58690747950509
175	2015-01-02 14:00:00	pred_6	104.14508405199498
176	2015-01-02 14:00:00	pred_9	119.00901628473656
177	2015-01-02 14:00:00	pred_5	110.20743469125101
178	2015-01-02 14:00:00	pred_4	102.46063716196214
179	2015-01-02 14:00:00	pred_12	112.63520551762642
180	2015-01-02 15:00:00	pred_12	76.18648235347985
181	2015-01-02 15:00:00	pred_7	73.6668401808867
182	2015-01-02 15:00:00	pred_4	70.97031430936701
183	2015-01-02 15:00:00	pred_8	74.54196168049538
184	2015-01-02 15:00:00	pred_10	79.9955396640528
185	2015-01-02 15:00:00	pred_2	71.1582420305447
186	2015-01-02 15:00:00	pred_11	75.35368579298273
187	2015-01-02 15:00:00	pred_1	70.47880926574456
188	2015-01-02 15:00:00	pred_3	71.41430646567737
189	2015-01-02 15:00:00	pred_5	72.14794508492635
190	2015-01-02 15:00:00	pred_9	76.38088663893714
191	2015-01-02 15:00:00	pred_6	74.43805268421724
192	2015-01-02 16:00:00	pred_8	91.18742338185919
193	2015-01-02 16:00:00	pred_3	98.97379738104296
194	2015-01-02 16:00:00	pred_4	88.8144733806458
195	2015-01-02 16:00:00	pred_1	97.9365331215064
196	2015-01-02 16:00:00	pred_11	81.93553182449087
197	2015-01-02 16:00:00	pred_9	92.0662455292972
198	2015-01-02 16:00:00	pred_2	96.89536005536071
199	2015-01-02 16:00:00	pred_12	75.8305768053271
200	2015-01-02 16:00:00	pred_7	87.93390365916258
201	2015-01-02 16:00:00	pred_6	88.53253626499527
202	2015-01-02 16:00:00	pred_10	85.75605677917105
203	2015-01-02 16:00:00	pred_5	90.23458381863553
204	2015-01-02 17:00:00	pred_3	14.15092886928594
205	2015-01-02 17:00:00	pred_2	15.427533881398812
206	2015-01-02 17:00:00	pred_4	16.844261842919185
207	2015-01-02 17:00:00	pred_5	16.431054213522536
208	2015-01-02 17:00:00	pred_10	18.759510810902547
209	2015-01-02 17:00:00	pred_9	20.690105274161105
210	2015-01-02 17:00:00	pred_1	18.584262189204907
211	2015-01-02 17:00:00	pred_12	18.66944103917021
212	2015-01-02 17:00:00	pred_11	21.318059169386718
213	2015-01-02 17:00:00	pred_7	18.164142200109005
214	2015-01-02 17:00:00	pred_8	19.89116362808239
215	2015-01-02 17:00:00	pred_6	19.419541956416627
216	2015-01-02 18:00:00	pred_4	77.7490179887141
217	2015-01-02 18:00:00	pred_10	92.03357334232264
218	2015-01-02 18:00:00	pred_5	84.45185735715529
219	2015-01-02 18:00:00	pred_1	82.44810258589712
220	2015-01-02 18:00:00	pred_9	95.4619508466852
221	2015-01-02 18:00:00	pred_11	87.41015306910683
222	2015-01-02 18:00:00	pred_3	81.32543488336512
223	2015-01-02 18:00:00	pred_2	81.06656672096851
224	2015-01-02 18:00:00	pred_12	82.56919925421222
225	2015-01-02 18:00:00	pred_7	86.95760705693445
226	2015-01-02 18:00:00	pred_6	81.63075570471486
227	2015-01-02 18:00:00	pred_8	91.64287977671415
228	2015-01-02 19:00:00	pred_7	15.427095759993675
229	2015-01-02 19:00:00	pred_11	25.45623547325997
230	2015-01-02 19:00:00	pred_5	16.711146876725007
231	2015-01-02 19:00:00	pred_9	18.37108541816405
232	2015-01-02 19:00:00	pred_4	12.362257810028806
233	2015-01-02 19:00:00	pred_3	13.895201121471601
234	2015-01-02 19:00:00	pred_6	14.893410728101216
235	2015-01-02 19:00:00	pred_12	21.814396584053558
236	2015-01-02 19:00:00	pred_8	16.466925050042924
237	2015-01-02 19:00:00	pred_2	17.955317491213805
238	2015-01-02 19:00:00	pred_1	15.525061622848995
239	2015-01-02 19:00:00	pred_10	14.440764041986597
240	2015-01-02 20:00:00	pred_1	19.719802132670218
241	2015-01-02 20:00:00	pred_4	19.893136115486804
242	2015-01-02 20:00:00	pred_11	16.261408924316427
243	2015-01-02 20:00:00	pred_9	16.809381496222528
244	2015-01-02 20:00:00	pred_3	19.49712300113069
245	2015-01-02 20:00:00	pred_10	15.983146347450367
246	2015-01-02 20:00:00	pred_5	23.34096427232945
247	2015-01-02 20:00:00	pred_7	19.876685688812888
248	2015-01-02 20:00:00	pred_2	20.955930679151873
249	2015-01-02 20:00:00	pred_12	16.20989878060855
250	2015-01-02 20:00:00	pred_6	24.01813438273893
251	2015-01-02 20:00:00	pred_8	18.486794221364622
252	2015-01-02 21:00:00	pred_7	61.64232940312693
253	2015-01-02 21:00:00	pred_2	63.71091866441814
254	2015-01-02 21:00:00	pred_9	54.35154353577728
255	2015-01-02 21:00:00	pred_6	58.842733573249475
256	2015-01-02 21:00:00	pred_1	63.286284806516726
257	2015-01-02 21:00:00	pred_10	50.051654197145474
258	2015-01-02 21:00:00	pred_11	48.422613196665154
259	2015-01-02 21:00:00	pred_12	47.86354075127928
260	2015-01-02 21:00:00	pred_4	62.377012569968436
261	2015-01-02 21:00:00	pred_5	65.99951605781354
262	2015-01-02 21:00:00	pred_8	59.615621468794146
263	2015-01-02 21:00:00	pred_3	63.12792487378461
264	2015-01-02 22:00:00	pred_10	30.231359394082965
265	2015-01-02 22:00:00	pred_11	29.914903256582217
266	2015-01-02 22:00:00	pred_12	30.55965085294939
267	2015-01-02 22:00:00	pred_5	27.549231903241033
268	2015-01-02 22:00:00	pred_4	29.2750195063622
269	2015-01-02 22:00:00	pred_7	27.75120413183224
270	2015-01-02 22:00:00	pred_8	28.802910980686196
271	2015-01-02 22:00:00	pred_9	31.851709121275395
272	2015-01-02 22:00:00	pred_6	28.419918206525782
273	2015-01-02 22:00:00	pred_1	28.8414618838432
274	2015-01-02 22:00:00	pred_2	25.167925106856643
275	2015-01-02 22:00:00	pred_3	26.93486813507453
276	2015-01-02 23:00:00	pred_8	42.352984113527576
277	2015-01-02 23:00:00	pred_11	59.8909213342825
278	2015-01-02 23:00:00	pred_9	50.740897982047976
279	2015-01-02 23:00:00	pred_2	41.228513271688854
280	2015-01-02 23:00:00	pred_1	48.96356171717576
281	2015-01-02 23:00:00	pred_12	50.941561438968584
282	2015-01-02 23:00:00	pred_3	38.318490297185015
283	2015-01-02 23:00:00	pred_7	47.12039827613234
284	2015-01-02 23:00:00	pred_5	41.02778773542231
285	2015-01-02 23:00:00	pred_6	42.03584211017283
286	2015-01-02 23:00:00	pred_4	46.25319793161486
287	2015-01-02 23:00:00	pred_10	49.85210904927827
288	2015-01-03 00:00:00	pred_12	16.671787952119516
289	2015-01-03 00:00:00	pred_11	21.620780347333678
290	2015-01-03 00:00:00	pred_9	23.486346396887104
291	2015-01-03 00:00:00	pred_8	23.165332027924272
292	2015-01-03 00:00:00	pred_6	22.66300324455049
293	2015-01-03 00:00:00	pred_5	23.35137118111995
294	2015-01-03 00:00:00	pred_4	22.030805354476424
295	2015-01-03 00:00:00	pred_2	22.801212075965037
296	2015-01-03 00:00:00	pred_7	18.408569152335094
297	2015-01-03 00:00:00	pred_10	21.139028649472454
298	2015-01-03 00:00:00	pred_3	18.076963206092824
299	2015-01-03 00:00:00	pred_1	25.520711299855485
300	2015-01-03 01:00:00	pred_1	50.86614404882054
301	2015-01-03 01:00:00	pred_11	72.76114477615286
302	2015-01-03 01:00:00	pred_5	61.662445467430274
303	2015-01-03 01:00:00	pred_10	71.50714058170321
304	2015-01-03 01:00:00	pred_9	74.80988314182571
305	2015-01-03 01:00:00	pred_8	62.34965648724896
306	2015-01-03 01:00:00	pred_2	53.164787666616746
307	2015-01-03 01:00:00	pred_3	60.444771253846085
308	2015-01-03 01:00:00	pred_12	69.38246068789155
309	2015-01-03 01:00:00	pred_4	60.048205773674724
310	2015-01-03 01:00:00	pred_7	66.21423372991111
311	2015-01-03 01:00:00	pred_6	65.4577658622331
312	2015-01-03 02:00:00	pred_4	46.807917137325646
313	2015-01-03 02:00:00	pred_9	37.45682120719256
314	2015-01-03 02:00:00	pred_11	36.281472076441
315	2015-01-03 02:00:00	pred_1	49.16721301880661
316	2015-01-03 02:00:00	pred_7	43.17695209375145
317	2015-01-03 02:00:00	pred_10	36.48868163755175
318	2015-01-03 02:00:00	pred_8	45.128469947099255
319	2015-01-03 02:00:00	pred_2	47.11822888292058
320	2015-01-03 02:00:00	pred_12	37.0710071287119
321	2015-01-03 02:00:00	pred_5	48.40886988766297
322	2015-01-03 02:00:00	pred_3	48.41553328606143
323	2015-01-03 02:00:00	pred_6	45.957617801055314
324	2015-01-03 03:00:00	pred_6	65.78684775838518
325	2015-01-03 03:00:00	pred_10	63.072561564812744
326	2015-01-03 03:00:00	pred_12	55.25352172566539
327	2015-01-03 03:00:00	pred_5	66.8268166634688
328	2015-01-03 03:00:00	pred_3	73.33709808218045
329	2015-01-03 03:00:00	pred_7	63.90740576024875
330	2015-01-03 03:00:00	pred_9	62.376615154137106
331	2015-01-03 03:00:00	pred_2	69.82641988527544
332	2015-01-03 03:00:00	pred_8	67.43786300085634
333	2015-01-03 03:00:00	pred_11	55.027682196503356
334	2015-01-03 03:00:00	pred_1	69.66347038171303
335	2015-01-03 03:00:00	pred_4	65.85715008970742
336	2015-01-03 04:00:00	pred_8	12.92367834500143
337	2015-01-03 04:00:00	pred_3	12.854250199433901
338	2015-01-03 04:00:00	pred_5	17.260883904932857
339	2015-01-03 04:00:00	pred_12	16.232872025403847
340	2015-01-03 04:00:00	pred_2	16.25375533969242
341	2015-01-03 04:00:00	pred_11	10.979704489697738
342	2015-01-03 04:00:00	pred_1	18.33991631587514
343	2015-01-03 04:00:00	pred_6	20.480894966580127
344	2015-01-03 04:00:00	pred_9	10.0218105829317
345	2015-01-03 04:00:00	pred_10	13.381659250693493
346	2015-01-03 04:00:00	pred_7	13.860107630448706
347	2015-01-03 04:00:00	pred_4	12.330892822248178
348	2015-01-03 05:00:00	pred_8	26.27475751736912
349	2015-01-03 05:00:00	pred_7	22.494689388981296
350	2015-01-03 05:00:00	pred_6	26.974161531373795
351	2015-01-03 05:00:00	pred_11	28.8203520135572
352	2015-01-03 05:00:00	pred_2	26.916060493155165
353	2015-01-03 05:00:00	pred_4	21.628596703581266
354	2015-01-03 05:00:00	pred_5	23.158839233677355
355	2015-01-03 05:00:00	pred_3	21.58105688280467
356	2015-01-03 05:00:00	pred_1	27.199553593706803
357	2015-01-03 05:00:00	pred_12	35.49950309066427
358	2015-01-03 05:00:00	pred_10	29.11472180022639
359	2015-01-03 05:00:00	pred_9	27.050725772998376
360	2015-01-03 06:00:00	pred_3	53.498574856566925
361	2015-01-03 06:00:00	pred_10	43.22052811041022
362	2015-01-03 06:00:00	pred_1	53.78091749868496
363	2015-01-03 06:00:00	pred_8	54.061986736256024
364	2015-01-03 06:00:00	pred_4	49.5532211286548
365	2015-01-03 06:00:00	pred_6	52.09954319269056
366	2015-01-03 06:00:00	pred_7	53.1369072881979
367	2015-01-03 06:00:00	pred_9	47.23902437852337
368	2015-01-03 06:00:00	pred_2	54.04790171239646
369	2015-01-03 06:00:00	pred_11	40.306325414293276
370	2015-01-03 06:00:00	pred_12	39.5551872741652
371	2015-01-03 06:00:00	pred_5	57.13163769196558
372	2015-01-03 07:00:00	pred_12	53.00096178551927
373	2015-01-03 07:00:00	pred_7	56.39251427659622
374	2015-01-03 07:00:00	pred_10	56.878474900440395
375	2015-01-03 07:00:00	pred_5	55.4429405103345
376	2015-01-03 07:00:00	pred_11	54.85429094787631
377	2015-01-03 07:00:00	pred_4	51.04309435396694
378	2015-01-03 07:00:00	pred_8	63.82114672841545
379	2015-01-03 07:00:00	pred_6	58.284160341127254
380	2015-01-03 07:00:00	pred_2	55.44956629441737
381	2015-01-03 07:00:00	pred_3	56.62473494030459
382	2015-01-03 07:00:00	pred_9	55.369681148097904
383	2015-01-03 07:00:00	pred_1	54.52032059522811
384	2015-01-03 08:00:00	pred_2	1.6376707922480875
385	2015-01-03 08:00:00	pred_8	4.229770152060446
386	2015-01-03 08:00:00	pred_5	5.027293770776794
387	2015-01-03 08:00:00	pred_12	1.1310779102146853
388	2015-01-03 08:00:00	pred_9	7.08471986734406
389	2015-01-03 08:00:00	pred_4	4.7252275691289976
390	2015-01-03 08:00:00	pred_7	3.7942580784355466
391	2015-01-03 08:00:00	pred_1	3.382764646947919
392	2015-01-03 08:00:00	pred_11	3.388989370063157
393	2015-01-03 08:00:00	pred_3	1.235618574172051
394	2015-01-03 08:00:00	pred_6	7.6988093544692715
395	2015-01-03 08:00:00	pred_10	4.592563216236222
396	2015-01-03 09:00:00	pred_3	66.29577215107757
397	2015-01-03 09:00:00	pred_5	63.26797930445859
398	2015-01-03 09:00:00	pred_4	60.434068895882895
399	2015-01-03 09:00:00	pred_2	65.3113044613356
400	2015-01-03 09:00:00	pred_10	50.87545540248311
401	2015-01-03 09:00:00	pred_11	47.20045521548411
402	2015-01-03 09:00:00	pred_8	57.38145757476346
403	2015-01-03 09:00:00	pred_9	52.17103072731676
404	2015-01-03 09:00:00	pred_12	42.25131518804434
405	2015-01-03 09:00:00	pred_1	66.50493213052556
406	2015-01-03 09:00:00	pred_7	56.674162998344286
407	2015-01-03 09:00:00	pred_6	59.2852518555025
408	2015-01-03 10:00:00	pred_10	27.75178407005886
409	2015-01-03 10:00:00	pred_8	26.46617271944037
410	2015-01-03 10:00:00	pred_7	25.780312065926275
411	2015-01-03 10:00:00	pred_9	26.935033109497734
412	2015-01-03 10:00:00	pred_1	25.984977315474573
413	2015-01-03 10:00:00	pred_3	21.25396574924241
414	2015-01-03 10:00:00	pred_6	26.16707463873012
415	2015-01-03 10:00:00	pred_11	26.690629066993623
416	2015-01-03 10:00:00	pred_4	23.156666277234642
417	2015-01-03 10:00:00	pred_2	24.29917406296337
418	2015-01-03 10:00:00	pred_5	24.81423187558175
419	2015-01-03 10:00:00	pred_12	29.417196904737807
420	2015-01-03 11:00:00	pred_6	58.58138536793038
421	2015-01-03 11:00:00	pred_7	54.91578846399128
422	2015-01-03 11:00:00	pred_9	50.914730253707816
423	2015-01-03 11:00:00	pred_5	58.740484053492786
424	2015-01-03 11:00:00	pred_10	50.751914442132616
425	2015-01-03 11:00:00	pred_8	53.37653428676257
426	2015-01-03 11:00:00	pred_2	60.63343075584847
427	2015-01-03 11:00:00	pred_11	44.6509297665533
428	2015-01-03 11:00:00	pred_1	60.44668733013161
429	2015-01-03 11:00:00	pred_3	59.37731563070771
430	2015-01-03 11:00:00	pred_12	45.88641544556378
431	2015-01-03 11:00:00	pred_4	56.54634495810762
432	2015-01-03 12:00:00	pred_3	41.772191312598316
433	2015-01-03 12:00:00	pred_8	28.62379776603509
434	2015-01-03 12:00:00	pred_2	40.5329344693728
435	2015-01-03 12:00:00	pred_10	41.3354490634293
436	2015-01-03 12:00:00	pred_12	35.03742037091523
437	2015-01-03 12:00:00	pred_11	37.2131943573303
438	2015-01-03 12:00:00	pred_7	47.13515644131621
439	2015-01-03 12:00:00	pred_5	40.44191586179456
440	2015-01-03 12:00:00	pred_9	40.52061520833817
441	2015-01-03 12:00:00	pred_6	40.74748924421196
442	2015-01-03 12:00:00	pred_1	50.54489326900236
443	2015-01-03 12:00:00	pred_4	40.99929669580882
444	2015-01-03 13:00:00	pred_12	43.96981324054964
445	2015-01-03 13:00:00	pred_4	51.07300239880036
446	2015-01-03 13:00:00	pred_7	45.33467708739608
447	2015-01-03 13:00:00	pred_9	42.94264464588419
448	2015-01-03 13:00:00	pred_10	40.34561056709155
449	2015-01-03 13:00:00	pred_6	48.44443150208686
450	2015-01-03 13:00:00	pred_8	44.388773578660135
451	2015-01-03 13:00:00	pred_11	39.85074848620962
452	2015-01-03 13:00:00	pred_1	51.17383968906262
453	2015-01-03 13:00:00	pred_3	51.13683186738413
454	2015-01-03 13:00:00	pred_5	49.99892790882223
455	2015-01-03 13:00:00	pred_2	49.72922731391081
456	2015-01-03 14:00:00	pred_5	114.52190077229281
457	2015-01-03 14:00:00	pred_7	108.14041402986756
458	2015-01-03 14:00:00	pred_12	94.28319332444131
459	2015-01-03 14:00:00	pred_4	112.65003655060056
460	2015-01-03 14:00:00	pred_9	107.54775561092977
461	2015-01-03 14:00:00	pred_1	117.15822573146043
462	2015-01-03 14:00:00	pred_10	106.36181572476777
463	2015-01-03 14:00:00	pred_2	120.94603895067526
464	2015-01-03 14:00:00	pred_6	110.64944460593487
465	2015-01-03 14:00:00	pred_3	119.74823675455694
466	2015-01-03 14:00:00	pred_11	96.09958531157768
467	2015-01-03 14:00:00	pred_8	109.7494040484573
468	2015-01-03 15:00:00	pred_9	75.29627749580911
469	2015-01-03 15:00:00	pred_4	78.19082311853288
470	2015-01-03 15:00:00	pred_3	86.50652020700548
471	2015-01-03 15:00:00	pred_5	81.11521559276342
472	2015-01-03 15:00:00	pred_12	64.13009487064511
473	2015-01-03 15:00:00	pred_1	84.2018371487966
474	2015-01-03 15:00:00	pred_6	80.64836611996107
475	2015-01-03 15:00:00	pred_7	75.27792560851964
476	2015-01-03 15:00:00	pred_11	65.07264275036032
477	2015-01-03 15:00:00	pred_8	73.67885051796648
478	2015-01-03 15:00:00	pred_2	86.5636003698872
479	2015-01-03 15:00:00	pred_10	69.5057648430858
480	2015-01-03 16:00:00	pred_6	20.950650138333724
481	2015-01-03 16:00:00	pred_9	20.09114044751988
482	2015-01-03 16:00:00	pred_8	16.341150304386044
483	2015-01-03 16:00:00	pred_3	15.156233457989893
484	2015-01-03 16:00:00	pred_2	15.173487561034946
485	2015-01-03 16:00:00	pred_4	17.519059546524574
486	2015-01-03 16:00:00	pred_12	23.04224109992157
487	2015-01-03 16:00:00	pred_10	20.039755715643047
488	2015-01-03 16:00:00	pred_11	24.74269054049458
489	2015-01-03 16:00:00	pred_7	15.300926715547082
490	2015-01-03 16:00:00	pred_1	15.442617287417955
491	2015-01-03 16:00:00	pred_5	16.251744339457563
492	2015-01-03 17:00:00	pred_1	18.976986322444485
493	2015-01-03 17:00:00	pred_3	18.472211283829093
494	2015-01-03 17:00:00	pred_11	30.27018770683948
495	2015-01-03 17:00:00	pred_9	26.338498777530827
496	2015-01-03 17:00:00	pred_10	26.948422333028983
497	2015-01-03 17:00:00	pred_8	27.945491238546005
498	2015-01-03 17:00:00	pred_7	25.87292666861298
499	2015-01-03 17:00:00	pred_2	17.602511213894662
500	2015-01-03 17:00:00	pred_5	23.90219548135041
501	2015-01-03 17:00:00	pred_4	18.497074402832972
502	2015-01-03 17:00:00	pred_12	32.130268336980464
503	2015-01-03 17:00:00	pred_6	24.08316604492975
504	2015-01-03 18:00:00	pred_12	81.7032787285587
505	2015-01-03 18:00:00	pred_1	65.36772865988081
506	2015-01-03 18:00:00	pred_7	74.6747514486185
507	2015-01-03 18:00:00	pred_9	80.46646798174592
508	2015-01-03 18:00:00	pred_2	66.73461866511397
509	2015-01-03 18:00:00	pred_6	71.0108128409208
510	2015-01-03 18:00:00	pred_10	82.04406192553881
511	2015-01-03 18:00:00	pred_11	77.57138363315019
512	2015-01-03 18:00:00	pred_3	69.62004281034639
513	2015-01-03 18:00:00	pred_5	71.00114640669743
514	2015-01-03 18:00:00	pred_8	79.87231480149669
515	2015-01-03 18:00:00	pred_4	67.64547751009493
516	2015-01-03 19:00:00	pred_11	11.668967677831724
517	2015-01-03 19:00:00	pred_1	10.655205746769925
518	2015-01-03 19:00:00	pred_2	9.119495214343186
519	2015-01-03 19:00:00	pred_9	14.511727573965649
520	2015-01-03 19:00:00	pred_3	8.001952644605002
521	2015-01-03 19:00:00	pred_8	6.018279072549522
522	2015-01-03 19:00:00	pred_4	13.533588656878814
523	2015-01-03 19:00:00	pred_7	10.438430913747409
524	2015-01-03 19:00:00	pred_12	0.6151199036287949
525	2015-01-03 19:00:00	pred_10	7.047745555050599
526	2015-01-03 19:00:00	pred_5	5.473684725442737
527	2015-01-03 19:00:00	pred_6	13.337805998170287
528	2015-01-03 20:00:00	pred_6	32.167873766472766
529	2015-01-03 20:00:00	pred_9	32.23235498045121
530	2015-01-03 20:00:00	pred_4	29.980110477927
531	2015-01-03 20:00:00	pred_7	33.281818276890014
532	2015-01-03 20:00:00	pred_2	25.164854591062326
533	2015-01-03 20:00:00	pred_8	32.042783668949426
534	2015-01-03 20:00:00	pred_11	40.22547807295955
535	2015-01-03 20:00:00	pred_10	40.4666982456897
536	2015-01-03 20:00:00	pred_12	36.63234861060515
537	2015-01-03 20:00:00	pred_3	26.741565646581012
538	2015-01-03 20:00:00	pred_5	28.38986419603656
539	2015-01-03 20:00:00	pred_1	28.98092904005043
540	2015-01-03 21:00:00	pred_11	45.489574051041565
541	2015-01-03 21:00:00	pred_12	45.81302989975338
542	2015-01-03 21:00:00	pred_7	44.773344780514314
543	2015-01-03 21:00:00	pred_9	48.26556724341923
544	2015-01-03 21:00:00	pred_6	51.0115173938746
545	2015-01-03 21:00:00	pred_2	49.872327364076284
546	2015-01-03 21:00:00	pred_1	48.710826298493565
547	2015-01-03 21:00:00	pred_10	45.77086539630893
548	2015-01-03 21:00:00	pred_5	49.85720906782004
549	2015-01-03 21:00:00	pred_8	50.755462519440854
550	2015-01-03 21:00:00	pred_4	47.0637941470034
551	2015-01-03 21:00:00	pred_3	48.24312439519102
552	2015-01-03 22:00:00	pred_10	58.78482272759368
553	2015-01-03 22:00:00	pred_12	49.19212685029561
554	2015-01-03 22:00:00	pred_3	79.07764524863533
555	2015-01-03 22:00:00	pred_4	68.85477554567856
556	2015-01-03 22:00:00	pred_2	78.88523813576322
557	2015-01-03 22:00:00	pred_8	61.96722619284113
558	2015-01-03 22:00:00	pred_1	77.81216582828901
559	2015-01-03 22:00:00	pred_7	63.0353110369238
560	2015-01-03 22:00:00	pred_9	58.641520730114564
561	2015-01-03 22:00:00	pred_11	49.01179393968793
562	2015-01-03 22:00:00	pred_5	71.04411168238278
563	2015-01-03 22:00:00	pred_6	65.45451442221801
564	2015-01-03 23:00:00	pred_7	15.941552897098308
565	2015-01-03 23:00:00	pred_11	19.43750408385588
566	2015-01-03 23:00:00	pred_2	14.162194018233382
567	2015-01-03 23:00:00	pred_5	12.72265825626708
568	2015-01-03 23:00:00	pred_4	12.717226969860835
569	2015-01-03 23:00:00	pred_6	15.647673876252437
570	2015-01-03 23:00:00	pred_3	9.883303080177749
571	2015-01-03 23:00:00	pred_1	14.751961675139325
572	2015-01-03 23:00:00	pred_8	14.599406862226354
573	2015-01-03 23:00:00	pred_10	16.733399625738535
574	2015-01-03 23:00:00	pred_12	18.259889385922204
575	2015-01-03 23:00:00	pred_9	16.25993046855629
576	2015-01-04 00:00:00	pred_12	44.687594640063374
577	2015-01-04 00:00:00	pred_2	49.623865160124026
578	2015-01-04 00:00:00	pred_10	44.01559998310836
579	2015-01-04 00:00:00	pred_5	45.54199736692615
580	2015-01-04 00:00:00	pred_9	48.01697447911725
581	2015-01-04 00:00:00	pred_4	45.982238592171925
582	2015-01-04 00:00:00	pred_6	47.03053058016892
583	2015-01-04 00:00:00	pred_3	46.83476487921091
584	2015-01-04 00:00:00	pred_8	44.600507869188995
585	2015-01-04 00:00:00	pred_11	47.00942359023213
586	2015-01-04 00:00:00	pred_1	49.80876870842015
587	2015-01-04 00:00:00	pred_7	45.16819580454667
588	2015-01-04 03:00:00	pred_6	45.32601298547411
589	2015-01-04 03:00:00	pred_8	34.80163561419591
590	2015-01-04 03:00:00	pred_7	43.13186815125828
591	2015-01-04 03:00:00	pred_1	44.05042007755224
592	2015-01-04 03:00:00	pred_2	43.84047976228264
593	2015-01-04 03:00:00	pred_10	53.688870884208356
594	2015-01-04 03:00:00	pred_12	36.662911863571615
595	2015-01-04 03:00:00	pred_9	51.20030914903678
596	2015-01-04 03:00:00	pred_11	53.31616045618707
597	2015-01-04 03:00:00	pred_3	41.43421578310798
598	2015-01-04 03:00:00	pred_5	55.38725709922566
599	2015-01-04 03:00:00	pred_4	48.71120676990326
600	2015-01-04 04:00:00	pred_10	48.73786370826718
601	2015-01-04 04:00:00	pred_12	48.2665840298709
602	2015-01-04 04:00:00	pred_5	49.1509045860027
603	2015-01-04 04:00:00	pred_11	42.82547628438769
604	2015-01-04 04:00:00	pred_7	48.90917872439291
605	2015-01-04 04:00:00	pred_3	43.61945145552293
606	2015-01-04 04:00:00	pred_2	44.1047572445683
607	2015-01-04 04:00:00	pred_9	50.02265777128964
608	2015-01-04 04:00:00	pred_6	50.485616158234365
609	2015-01-04 04:00:00	pred_4	44.7103789559065
610	2015-01-04 04:00:00	pred_8	53.67668912168949
611	2015-01-04 04:00:00	pred_1	45.75326483874671
612	2015-01-04 05:00:00	pred_8	19.978250105624625
613	2015-01-04 05:00:00	pred_9	22.7331535423856
614	2015-01-04 05:00:00	pred_3	25.76823861234713
615	2015-01-04 05:00:00	pred_7	26.83664448939919
616	2015-01-04 05:00:00	pred_4	30.84504044655821
617	2015-01-04 05:00:00	pred_10	16.980897093843303
618	2015-01-04 05:00:00	pred_6	26.701626666551398
619	2015-01-04 05:00:00	pred_1	32.380255653476624
620	2015-01-04 05:00:00	pred_11	18.011856567979738
621	2015-01-04 05:00:00	pred_5	25.01932743479712
622	2015-01-04 05:00:00	pred_2	29.320377518555823
623	2015-01-04 05:00:00	pred_12	12.203388785558765
624	2015-01-04 06:00:00	pred_12	19.8367510034731
625	2015-01-04 06:00:00	pred_8	17.952549097518542
626	2015-01-04 06:00:00	pred_9	18.555582485501944
627	2015-01-04 06:00:00	pred_1	21.727875527897037
628	2015-01-04 06:00:00	pred_4	18.77751281094909
629	2015-01-04 06:00:00	pred_5	16.461973694954082
630	2015-01-04 06:00:00	pred_7	18.28900591545989
631	2015-01-04 06:00:00	pred_10	21.46390102820069
632	2015-01-04 06:00:00	pred_3	14.303897449486534
633	2015-01-04 06:00:00	pred_11	20.73291816851886
634	2015-01-04 06:00:00	pred_6	22.730322585960394
635	2015-01-04 06:00:00	pred_2	15.202085411522901
636	2015-01-04 07:00:00	pred_5	93.41826923164837
637	2015-01-04 07:00:00	pred_10	90.45266449344288
638	2015-01-04 07:00:00	pred_1	95.89093325048698
639	2015-01-04 07:00:00	pred_12	91.80870996594801
640	2015-01-04 07:00:00	pred_6	95.38937781091379
641	2015-01-04 07:00:00	pred_3	95.81189639094299
642	2015-01-04 07:00:00	pred_7	90.94168899618977
643	2015-01-04 07:00:00	pred_9	92.27199384994104
644	2015-01-04 07:00:00	pred_2	97.01418663165212
645	2015-01-04 07:00:00	pred_8	92.99720623248909
646	2015-01-04 07:00:00	pred_4	90.81551684368193
647	2015-01-04 07:00:00	pred_11	91.98983197733291
648	2015-01-04 08:00:00	pred_1	63.85552561165984
649	2015-01-04 08:00:00	pred_2	65.23429507291392
650	2015-01-04 08:00:00	pred_5	63.31713592833872
651	2015-01-04 08:00:00	pred_12	45.852422482183144
652	2015-01-04 08:00:00	pred_8	54.00292294794771
653	2015-01-04 08:00:00	pred_3	62.87422933830032
654	2015-01-04 08:00:00	pred_11	44.43226626695246
655	2015-01-04 08:00:00	pred_10	49.10159192900636
656	2015-01-04 08:00:00	pred_6	58.21309896161088
657	2015-01-04 08:00:00	pred_4	59.82701333072257
658	2015-01-04 08:00:00	pred_9	49.88527853370857
659	2015-01-04 08:00:00	pred_7	59.082059409640635
660	2015-01-04 09:00:00	pred_8	45.7005715212154
661	2015-01-04 09:00:00	pred_10	38.762486611571134
662	2015-01-04 09:00:00	pred_5	55.00533451403132
663	2015-01-04 09:00:00	pred_9	42.96201240295276
664	2015-01-04 09:00:00	pred_3	60.764193863521406
665	2015-01-04 09:00:00	pred_2	59.233813615935205
666	2015-01-04 09:00:00	pred_12	37.996960373340116
667	2015-01-04 09:00:00	pred_11	38.22435981630953
668	2015-01-04 09:00:00	pred_4	54.04463082993863
669	2015-01-04 09:00:00	pred_6	49.997688968699926
670	2015-01-04 09:00:00	pred_1	58.66830824813872
671	2015-01-04 09:00:00	pred_7	43.37069079724093
672	2015-01-04 10:00:00	pred_12	47.447219055440705
673	2015-01-04 10:00:00	pred_2	34.46610577009637
674	2015-01-04 10:00:00	pred_5	39.986517099503324
675	2015-01-04 10:00:00	pred_10	46.03182745334138
676	2015-01-04 10:00:00	pred_1	34.52937438035768
677	2015-01-04 10:00:00	pred_9	45.090205838587615
678	2015-01-04 10:00:00	pred_4	39.0836335544611
679	2015-01-04 10:00:00	pred_8	46.1998034452014
680	2015-01-04 10:00:00	pred_6	43.51281863358859
681	2015-01-04 10:00:00	pred_11	45.56912125701474
682	2015-01-04 10:00:00	pred_7	38.0578374139565
683	2015-01-04 10:00:00	pred_3	38.54900090530286
684	2015-01-04 11:00:00	pred_9	43.197184046074845
685	2015-01-04 11:00:00	pred_1	44.76201544688243
686	2015-01-04 11:00:00	pred_6	40.68151802536556
687	2015-01-04 11:00:00	pred_11	39.717920229075325
688	2015-01-04 11:00:00	pred_2	42.34409075456273
689	2015-01-04 11:00:00	pred_10	41.226279340245384
690	2015-01-04 11:00:00	pred_4	40.64174263003018
691	2015-01-04 11:00:00	pred_5	36.96737955123208
692	2015-01-04 11:00:00	pred_8	32.79053243871968
693	2015-01-04 11:00:00	pred_12	38.753065544158936
694	2015-01-04 11:00:00	pred_3	37.648443119497536
695	2015-01-04 11:00:00	pred_7	36.78670501196087
696	2015-01-04 12:00:00	pred_10	64.32975802198098
697	2015-01-04 12:00:00	pred_8	79.99437205615428
698	2015-01-04 12:00:00	pred_9	74.19107988338541
699	2015-01-04 12:00:00	pred_1	69.76717370948637
700	2015-01-04 12:00:00	pred_11	69.15039921074558
701	2015-01-04 12:00:00	pred_7	72.10952031009883
702	2015-01-04 12:00:00	pred_12	68.4687370680102
703	2015-01-04 12:00:00	pred_4	69.48629036881977
704	2015-01-04 12:00:00	pred_3	69.72647264893614
705	2015-01-04 12:00:00	pred_2	67.89672351150402
706	2015-01-04 12:00:00	pred_6	71.89609227692269
707	2015-01-04 12:00:00	pred_5	76.89152229375462
708	2015-01-04 13:00:00	pred_8	21.271669594519718
709	2015-01-04 13:00:00	pred_10	21.666522925943195
710	2015-01-04 13:00:00	pred_4	14.720640985365396
711	2015-01-04 13:00:00	pred_3	10.710467148353516
712	2015-01-04 13:00:00	pred_6	19.819090742664798
713	2015-01-04 13:00:00	pred_9	15.374793320509006
714	2015-01-04 13:00:00	pred_5	13.550456557516375
715	2015-01-04 13:00:00	pred_7	18.243303680257334
716	2015-01-04 13:00:00	pred_1	12.868100155118206
717	2015-01-04 13:00:00	pred_2	12.623649089779668
718	2015-01-04 13:00:00	pred_11	25.975747551164737
719	2015-01-04 13:00:00	pred_12	24.82216799891468
720	2015-01-04 14:00:00	pred_11	14.703091847736724
721	2015-01-04 14:00:00	pred_2	16.842882244417847
722	2015-01-04 14:00:00	pred_6	16.679831269319934
723	2015-01-04 14:00:00	pred_10	14.473356949514965
724	2015-01-04 14:00:00	pred_7	16.211935639456264
725	2015-01-04 14:00:00	pred_9	13.676683645993194
726	2015-01-04 14:00:00	pred_5	19.083984225310875
727	2015-01-04 14:00:00	pred_1	18.312782271996483
728	2015-01-04 14:00:00	pred_4	15.795386566397571
729	2015-01-04 14:00:00	pred_3	17.95354305191565
730	2015-01-04 14:00:00	pred_12	11.53951980509629
731	2015-01-04 14:00:00	pred_8	14.620616932414453
732	2015-01-04 15:00:00	pred_5	95.8005871713732
733	2015-01-04 15:00:00	pred_8	99.27132793121528
734	2015-01-04 15:00:00	pred_2	97.55708200726052
735	2015-01-04 15:00:00	pred_1	96.85959392245171
736	2015-01-04 15:00:00	pred_12	83.68064872093503
737	2015-01-04 15:00:00	pred_7	94.1081687414442
738	2015-01-04 15:00:00	pred_11	85.70252275862939
739	2015-01-04 15:00:00	pred_3	97.64406250501764
740	2015-01-04 15:00:00	pred_10	93.72215884588584
741	2015-01-04 15:00:00	pred_4	92.06914602211883
742	2015-01-04 15:00:00	pred_6	92.36489849533123
743	2015-01-04 15:00:00	pred_9	94.39675692725885
744	2015-01-04 16:00:00	pred_5	28.0576664677954
745	2015-01-04 16:00:00	pred_12	32.919995142414926
746	2015-01-04 16:00:00	pred_11	29.12228328995801
747	2015-01-04 16:00:00	pred_1	27.9084884488282
748	2015-01-04 16:00:00	pred_6	28.534261914644972
749	2015-01-04 16:00:00	pred_8	30.600452943439922
750	2015-01-04 16:00:00	pred_9	30.13140698142548
751	2015-01-04 16:00:00	pred_10	32.41750309605591
752	2015-01-04 16:00:00	pred_2	27.678793880832306
753	2015-01-04 16:00:00	pred_4	25.709583023053032
754	2015-01-04 16:00:00	pred_3	25.36741289676728
755	2015-01-04 16:00:00	pred_7	30.823305105171162
756	2015-01-04 17:00:00	pred_6	58.65424687619562
757	2015-01-04 17:00:00	pred_10	66.37476834424865
758	2015-01-04 17:00:00	pred_1	53.30246184077949
759	2015-01-04 17:00:00	pred_11	65.52631404469764
760	2015-01-04 17:00:00	pred_4	54.75065057278124
761	2015-01-04 17:00:00	pred_12	66.30774020893911
762	2015-01-04 17:00:00	pred_2	54.646031523332674
763	2015-01-04 17:00:00	pred_5	56.96045913222151
764	2015-01-04 17:00:00	pred_8	69.56570974788244
765	2015-01-04 17:00:00	pred_9	64.15484151169406
766	2015-01-04 17:00:00	pred_7	60.66524040791934
767	2015-01-04 17:00:00	pred_3	55.77230446610044
768	2015-01-04 18:00:00	pred_6	103.91750976638549
769	2015-01-04 18:00:00	pred_4	103.17601730998925
770	2015-01-04 18:00:00	pred_11	97.4326414439266
771	2015-01-04 18:00:00	pred_7	105.24556742287321
772	2015-01-04 18:00:00	pred_5	106.28159187607464
773	2015-01-04 18:00:00	pred_10	103.98512683136892
774	2015-01-04 18:00:00	pred_3	111.165549475613
775	2015-01-04 18:00:00	pred_8	108.11273164872429
776	2015-01-04 18:00:00	pred_2	110.46979541867195
777	2015-01-04 18:00:00	pred_12	98.58888106120571
778	2015-01-04 18:00:00	pred_1	108.08079687350582
779	2015-01-04 18:00:00	pred_9	104.69251091847836
780	2015-01-04 19:00:00	pred_5	98.84821986861375
781	2015-01-04 19:00:00	pred_6	92.36199772418405
782	2015-01-04 19:00:00	pred_3	105.15068901965368
783	2015-01-04 19:00:00	pred_12	71.78911895454578
784	2015-01-04 19:00:00	pred_11	74.12176619211344
785	2015-01-04 19:00:00	pred_1	100.23187570863662
786	2015-01-04 19:00:00	pred_4	92.54491039899472
787	2015-01-04 19:00:00	pred_9	85.63038040802465
788	2015-01-04 19:00:00	pred_8	89.35301194280659
789	2015-01-04 19:00:00	pred_2	102.53706807476095
790	2015-01-04 19:00:00	pred_10	82.72178425448105
791	2015-01-04 19:00:00	pred_7	92.65990698774591
792	2015-01-04 20:00:00	pred_1	14.006502142306239
793	2015-01-04 20:00:00	pred_3	11.646953082142124
794	2015-01-04 20:00:00	pred_12	19.827323827758747
795	2015-01-04 20:00:00	pred_8	15.311265471217293
796	2015-01-04 20:00:00	pred_6	15.840896088765769
797	2015-01-04 20:00:00	pred_9	16.69346358396533
798	2015-01-04 20:00:00	pred_5	15.176034314061926
799	2015-01-04 20:00:00	pred_10	18.54169013734018
800	2015-01-04 20:00:00	pred_7	15.05103836764768
801	2015-01-04 20:00:00	pred_2	14.318371708320575
802	2015-01-04 20:00:00	pred_4	12.901253917474108
803	2015-01-04 20:00:00	pred_11	19.059470558039845
804	2015-01-04 21:00:00	pred_7	33.145389407313516
805	2015-01-04 21:00:00	pred_1	32.55882749325713
806	2015-01-04 21:00:00	pred_10	37.18224711589753
807	2015-01-04 21:00:00	pred_11	37.75114783814798
808	2015-01-04 21:00:00	pred_3	32.57530685722587
809	2015-01-04 21:00:00	pred_12	31.612466339226035
810	2015-01-04 21:00:00	pred_6	37.74793545212772
811	2015-01-04 21:00:00	pred_9	36.965338801055275
812	2015-01-04 21:00:00	pred_4	33.64659559314086
813	2015-01-04 21:00:00	pred_2	34.026832056672305
814	2015-01-04 21:00:00	pred_8	37.0321942712617
815	2015-01-04 21:00:00	pred_5	32.65543625222152
816	2015-01-04 22:00:00	pred_1	35.53319487795353
817	2015-01-04 22:00:00	pred_9	37.39414927652848
818	2015-01-04 22:00:00	pred_12	42.12129305478498
819	2015-01-04 22:00:00	pred_2	32.911853346336834
820	2015-01-04 22:00:00	pred_7	37.893255095805756
821	2015-01-04 22:00:00	pred_3	33.0954068563974
822	2015-01-04 22:00:00	pred_5	36.85136039288288
823	2015-01-04 22:00:00	pred_6	40.628654710626286
824	2015-01-04 22:00:00	pred_11	41.47601255829947
825	2015-01-04 22:00:00	pred_8	35.12210901021749
826	2015-01-04 22:00:00	pred_10	41.36482454383903
827	2015-01-04 22:00:00	pred_4	33.123329590561646
828	2015-01-04 23:00:00	pred_4	51.54782857581666
829	2015-01-04 23:00:00	pred_2	53.6997748037858
830	2015-01-04 23:00:00	pred_9	46.86666847989329
831	2015-01-04 23:00:00	pred_10	47.29410225894922
832	2015-01-04 23:00:00	pred_6	50.718613232013034
833	2015-01-04 23:00:00	pred_11	46.54198729305414
834	2015-01-04 23:00:00	pred_12	47.455478478187246
835	2015-01-04 23:00:00	pred_7	48.75382148276421
836	2015-01-04 23:00:00	pred_1	53.745195224208544
837	2015-01-04 23:00:00	pred_5	51.13998335520527
838	2015-01-04 23:00:00	pred_8	52.0805882197639
839	2015-01-04 23:00:00	pred_3	52.32152002621334
840	2015-01-05 00:00:00	pred_9	31.69362357986332
841	2015-01-05 00:00:00	pred_6	29.738000466865536
842	2015-01-05 00:00:00	pred_11	30.991870151877137
843	2015-01-05 00:00:00	pred_8	31.458961464011537
844	2015-01-05 00:00:00	pred_4	28.07936180633739
845	2015-01-05 00:00:00	pred_12	27.131749596156762
846	2015-01-05 00:00:00	pred_1	32.158027471292144
847	2015-01-05 00:00:00	pred_3	28.882040420487808
848	2015-01-05 00:00:00	pred_2	31.181486093520746
849	2015-01-05 00:00:00	pred_5	29.223777048632392
850	2015-01-05 00:00:00	pred_10	30.840564366692128
851	2015-01-05 00:00:00	pred_7	27.1718326205978
852	2015-01-05 01:00:00	pred_2	39.122281232718905
853	2015-01-05 01:00:00	pred_4	36.82834757583976
854	2015-01-05 01:00:00	pred_9	37.72940379504293
855	2015-01-05 01:00:00	pred_10	35.11673472907198
856	2015-01-05 01:00:00	pred_12	38.40479629704475
857	2015-01-05 01:00:00	pred_5	35.53395187610661
858	2015-01-05 01:00:00	pred_7	38.31955528702867
859	2015-01-05 01:00:00	pred_1	37.16551466323281
860	2015-01-05 01:00:00	pred_6	37.734223531033905
861	2015-01-05 01:00:00	pred_3	36.248529373699824
862	2015-01-05 01:00:00	pred_8	38.8691741465882
863	2015-01-05 01:00:00	pred_11	36.59671606066898
864	2015-01-05 02:00:00	pred_9	10.397886003728713
865	2015-01-05 02:00:00	pred_3	24.8947591278588
866	2015-01-05 02:00:00	pred_7	15.994744441966088
867	2015-01-05 02:00:00	pred_4	24.89725672690497
868	2015-01-05 02:00:00	pred_8	13.001188244971413
869	2015-01-05 02:00:00	pred_12	12.872834637127449
870	2015-01-05 02:00:00	pred_10	13.362262542380126
871	2015-01-05 02:00:00	pred_11	12.499260851335222
872	2015-01-05 02:00:00	pred_5	18.918643313516537
873	2015-01-05 02:00:00	pred_1	29.19303516725908
874	2015-01-05 02:00:00	pred_6	17.249710675394024
875	2015-01-05 02:00:00	pred_2	26.818985031450424
876	2015-01-05 03:00:00	pred_4	13.00975068092546
877	2015-01-05 03:00:00	pred_10	19.26815817027884
878	2015-01-05 03:00:00	pred_5	10.730456732579869
879	2015-01-05 03:00:00	pred_9	14.023442627110596
880	2015-01-05 03:00:00	pred_3	10.7419074779378
881	2015-01-05 03:00:00	pred_12	20.751530458819342
882	2015-01-05 03:00:00	pred_1	16.18156128787268
883	2015-01-05 03:00:00	pred_6	14.131225642092662
884	2015-01-05 03:00:00	pred_2	11.2571716347791
885	2015-01-05 03:00:00	pred_7	11.50388641981634
886	2015-01-05 03:00:00	pred_8	13.6249883491269
887	2015-01-05 03:00:00	pred_11	19.80884357544052
888	2015-01-05 04:00:00	pred_1	29.364108310318688
889	2015-01-05 04:00:00	pred_10	30.86282642220861
890	2015-01-05 04:00:00	pred_8	32.290857572202725
891	2015-01-05 04:00:00	pred_6	25.81798687297148
892	2015-01-05 04:00:00	pred_4	31.48742666226613
893	2015-01-05 04:00:00	pred_2	30.633982644323808
894	2015-01-05 04:00:00	pred_7	28.498284672000622
895	2015-01-05 04:00:00	pred_5	26.673490179806976
896	2015-01-05 04:00:00	pred_12	31.636292751857766
897	2015-01-05 04:00:00	pred_3	26.827457810287992
898	2015-01-05 04:00:00	pred_9	27.027782277962608
899	2015-01-05 04:00:00	pred_11	34.41069921768945
900	2015-01-05 05:00:00	pred_2	31.14643008491387
901	2015-01-05 05:00:00	pred_4	30.41113193847575
902	2015-01-05 05:00:00	pred_12	19.516634202026413
903	2015-01-05 05:00:00	pred_8	32.385170379451594
904	2015-01-05 05:00:00	pred_1	32.61746186076609
905	2015-01-05 05:00:00	pred_6	32.7603042025507
906	2015-01-05 05:00:00	pred_9	26.55830120818597
907	2015-01-05 05:00:00	pred_10	21.375791715470637
908	2015-01-05 05:00:00	pred_7	30.673640744447013
909	2015-01-05 05:00:00	pred_5	33.02679162568843
910	2015-01-05 05:00:00	pred_3	30.163664980493824
911	2015-01-05 05:00:00	pred_11	19.085976129408863
912	2015-01-05 06:00:00	pred_7	43.455811113804586
913	2015-01-05 06:00:00	pred_2	39.690814162347905
914	2015-01-05 06:00:00	pred_1	41.635024310704885
915	2015-01-05 06:00:00	pred_10	43.23332057191659
916	2015-01-05 06:00:00	pred_3	43.114537908811904
917	2015-01-05 06:00:00	pred_12	47.22610246265499
918	2015-01-05 06:00:00	pred_5	42.90639325838252
919	2015-01-05 06:00:00	pred_11	42.83442614577813
920	2015-01-05 06:00:00	pred_6	44.58405613249922
921	2015-01-05 06:00:00	pred_8	50.16355217019029
922	2015-01-05 06:00:00	pred_4	40.558675066347725
923	2015-01-05 06:00:00	pred_9	48.70901958819957
924	2015-01-05 07:00:00	pred_12	69.2941575335451
925	2015-01-05 07:00:00	pred_3	50.026982454792574
926	2015-01-05 07:00:00	pred_11	68.23059437348391
927	2015-01-05 07:00:00	pred_4	53.0562995849639
928	2015-01-05 07:00:00	pred_7	61.95547276447626
929	2015-01-05 07:00:00	pred_1	50.86767835902235
930	2015-01-05 07:00:00	pred_6	56.86429143415079
931	2015-01-05 07:00:00	pred_10	67.40401317391961
932	2015-01-05 07:00:00	pred_8	68.1459181015232
933	2015-01-05 07:00:00	pred_2	47.90803806008297
934	2015-01-05 07:00:00	pred_9	64.26905571799408
935	2015-01-05 07:00:00	pred_5	55.858521677649065
936	2015-01-05 08:00:00	pred_8	38.94917629152227
937	2015-01-05 08:00:00	pred_11	34.63614990375489
938	2015-01-05 08:00:00	pred_4	41.767286014578254
939	2015-01-05 08:00:00	pred_3	43.04220085005646
940	2015-01-05 08:00:00	pred_9	42.6464855607865
941	2015-01-05 08:00:00	pred_1	44.45616722840425
942	2015-01-05 08:00:00	pred_6	40.54280024443619
943	2015-01-05 08:00:00	pred_2	44.544613966017415
944	2015-01-05 08:00:00	pred_12	32.6585659640796
945	2015-01-05 08:00:00	pred_7	39.30226226273741
946	2015-01-05 08:00:00	pred_5	42.754643850179136
947	2015-01-05 08:00:00	pred_10	34.61365250778125
948	2015-01-05 09:00:00	pred_5	33.67269325860832
949	2015-01-05 09:00:00	pred_9	34.779491835407136
950	2015-01-05 09:00:00	pred_3	32.597867760073754
951	2015-01-05 09:00:00	pred_6	37.536861888454254
952	2015-01-05 09:00:00	pred_8	35.371126902771955
953	2015-01-05 09:00:00	pred_7	37.868492851420115
954	2015-01-05 09:00:00	pred_10	35.29364385643879
955	2015-01-05 09:00:00	pred_2	33.126971908592466
956	2015-01-05 09:00:00	pred_11	42.14295181120451
957	2015-01-05 09:00:00	pred_4	31.28261197925721
958	2015-01-05 09:00:00	pred_1	33.081915341080126
959	2015-01-05 09:00:00	pred_12	41.390677178909186
960	2015-01-05 10:00:00	pred_10	16.945380205777248
961	2015-01-05 10:00:00	pred_4	9.30254456459253
962	2015-01-05 10:00:00	pred_8	16.047219980527213
963	2015-01-05 10:00:00	pred_11	16.617464742268034
964	2015-01-05 10:00:00	pred_1	10.632083160845491
965	2015-01-05 10:00:00	pred_5	12.209008873309168
966	2015-01-05 10:00:00	pred_7	13.703955579470108
967	2015-01-05 10:00:00	pred_3	7.840307028223339
968	2015-01-05 10:00:00	pred_6	11.50647956912373
969	2015-01-05 10:00:00	pred_2	10.367854538504675
970	2015-01-05 10:00:00	pred_9	10.692942799411227
971	2015-01-05 10:00:00	pred_12	15.996579410218851
972	2015-01-05 11:00:00	pred_4	46.771433193918384
973	2015-01-05 11:00:00	pred_10	46.501405129987525
974	2015-01-05 11:00:00	pred_12	42.143922531963504
975	2015-01-05 11:00:00	pred_7	47.24616364035028
976	2015-01-05 11:00:00	pred_3	48.25130141431647
977	2015-01-05 11:00:00	pred_9	47.84227747364212
978	2015-01-05 11:00:00	pred_2	51.00815369447669
979	2015-01-05 11:00:00	pred_8	49.62668404903822
980	2015-01-05 11:00:00	pred_5	45.153593193671256
981	2015-01-05 11:00:00	pred_1	51.08053342941288
982	2015-01-05 11:00:00	pred_6	47.33759337633614
983	2015-01-05 11:00:00	pred_11	42.50040552391922
984	2015-01-05 12:00:00	pred_8	16.898284022939336
985	2015-01-05 12:00:00	pred_7	15.250295499656547
986	2015-01-05 12:00:00	pred_2	17.867738590331523
987	2015-01-05 12:00:00	pred_5	16.588178514216388
988	2015-01-05 12:00:00	pred_1	19.328320894819992
989	2015-01-05 12:00:00	pred_6	16.247307919427918
990	2015-01-05 12:00:00	pred_12	22.168851864404463
991	2015-01-05 12:00:00	pred_11	21.043594762636413
992	2015-01-05 12:00:00	pred_3	15.117627196492819
993	2015-01-05 12:00:00	pred_4	14.564033875313456
994	2015-01-05 12:00:00	pred_9	19.732674673734977
995	2015-01-05 12:00:00	pred_10	21.45170419827836
996	2015-01-05 13:00:00	pred_10	77.79341821862515
997	2015-01-05 13:00:00	pred_8	67.71733123824436
998	2015-01-05 13:00:00	pred_7	67.82915235312771
999	2015-01-05 13:00:00	pred_2	62.17276888179061
1000	2015-01-05 13:00:00	pred_5	66.10216653661756
1001	2015-01-05 13:00:00	pred_11	77.59219582076298
1002	2015-01-05 13:00:00	pred_9	71.55461489663524
1003	2015-01-05 13:00:00	pred_6	66.74035764745243
1004	2015-01-05 13:00:00	pred_3	60.13029170711735
1005	2015-01-05 13:00:00	pred_1	59.166561392137496
1006	2015-01-05 13:00:00	pred_12	78.39749736065153
1007	2015-01-05 13:00:00	pred_4	61.21074744063097
1008	2015-01-05 14:00:00	pred_9	31.03358079774428
1009	2015-01-05 14:00:00	pred_1	28.344542813818002
1010	2015-01-05 14:00:00	pred_10	33.85775640909333
1011	2015-01-05 14:00:00	pred_6	26.79781307463923
1012	2015-01-05 14:00:00	pred_5	27.04551706053421
1013	2015-01-05 14:00:00	pred_3	28.061000777872692
1014	2015-01-05 14:00:00	pred_4	27.50111529753152
1015	2015-01-05 14:00:00	pred_11	29.7360429157092
1016	2015-01-05 14:00:00	pred_7	29.87654748978655
1017	2015-01-05 14:00:00	pred_2	29.191503612073788
1018	2015-01-05 14:00:00	pred_12	29.198503029308032
1019	2015-01-05 14:00:00	pred_8	31.14599708554553
1020	2015-01-05 15:00:00	pred_7	27.51120509529645
1021	2015-01-05 15:00:00	pred_3	27.20661475056043
1022	2015-01-05 15:00:00	pred_9	27.70305634443945
1023	2015-01-05 15:00:00	pred_11	29.307559354080443
1024	2015-01-05 15:00:00	pred_2	28.952341350872224
1025	2015-01-05 15:00:00	pred_8	26.984846490941592
1026	2015-01-05 15:00:00	pred_10	26.72974972250135
1027	2015-01-05 15:00:00	pred_4	25.75110936307477
1028	2015-01-05 15:00:00	pred_5	27.500723367527954
1029	2015-01-05 15:00:00	pred_1	27.118386868961267
1030	2015-01-05 15:00:00	pred_6	26.075988810606326
1031	2015-01-05 15:00:00	pred_12	28.09640468308985
1032	2015-01-05 16:00:00	pred_6	72.1862976602423
1033	2015-01-05 16:00:00	pred_10	73.63380317420395
1034	2015-01-05 16:00:00	pred_8	72.89242366112202
1035	2015-01-05 16:00:00	pred_9	73.69614932386834
1036	2015-01-05 16:00:00	pred_1	76.18578470464095
1037	2015-01-05 16:00:00	pred_12	68.80876172062207
1038	2015-01-05 16:00:00	pred_3	75.3411788263808
1039	2015-01-05 16:00:00	pred_11	68.64027337622346
1040	2015-01-05 16:00:00	pred_7	71.75013504729088
1041	2015-01-05 16:00:00	pred_2	75.07014859746509
1042	2015-01-05 16:00:00	pred_4	73.5171690143397
1043	2015-01-05 16:00:00	pred_5	73.95599036927706
1044	2015-01-05 17:00:00	pred_11	32.577614405470825
1045	2015-01-05 17:00:00	pred_12	33.50842903933929
1046	2015-01-05 17:00:00	pred_8	29.33633604099168
1047	2015-01-05 17:00:00	pred_7	27.52057766742891
1048	2015-01-05 17:00:00	pred_5	27.391748047468557
1049	2015-01-05 17:00:00	pred_4	29.619608968742188
1050	2015-01-05 17:00:00	pred_3	28.83208678008038
1051	2015-01-05 17:00:00	pred_9	28.151091629552447
1052	2015-01-05 17:00:00	pred_2	29.62695918146892
1053	2015-01-05 17:00:00	pred_10	30.200468803811326
1054	2015-01-05 17:00:00	pred_6	30.71440782657864
1055	2015-01-05 17:00:00	pred_1	31.7609730884894
1056	2015-01-05 18:00:00	pred_8	15.845616431071726
1057	2015-01-05 18:00:00	pred_5	32.09928184250736
1058	2015-01-05 18:00:00	pred_9	18.69578897312063
1059	2015-01-05 18:00:00	pred_4	27.65683952072486
1060	2015-01-05 18:00:00	pred_3	29.20502827512548
1061	2015-01-05 18:00:00	pred_1	32.944638337959425
1062	2015-01-05 18:00:00	pred_7	22.90570416937702
1063	2015-01-05 18:00:00	pred_6	32.707044820709235
1064	2015-01-05 18:00:00	pred_12	13.767726288022745
1065	2015-01-05 18:00:00	pred_11	21.69986514624909
1066	2015-01-05 18:00:00	pred_10	19.128458251009857
1067	2015-01-05 18:00:00	pred_2	30.81006147667077
1068	2015-01-05 19:00:00	pred_8	47.6439431011609
1069	2015-01-05 19:00:00	pred_3	48.06015382505042
1070	2015-01-05 19:00:00	pred_11	49.14017302111171
1071	2015-01-05 19:00:00	pred_4	49.32093695701518
1072	2015-01-05 19:00:00	pred_10	44.019057242220065
1073	2015-01-05 19:00:00	pred_1	50.690832296119176
1074	2015-01-05 19:00:00	pred_9	52.782800688806546
1075	2015-01-05 19:00:00	pred_6	48.852471887890594
1076	2015-01-05 19:00:00	pred_7	47.80452945694276
1077	2015-01-05 19:00:00	pred_2	52.42711489988725
1078	2015-01-05 19:00:00	pred_12	41.635666971605076
1079	2015-01-05 19:00:00	pred_5	50.855783513649826
1080	2015-01-05 20:00:00	pred_5	21.727259337556877
1081	2015-01-05 20:00:00	pred_8	28.89754531816226
1082	2015-01-05 20:00:00	pred_2	22.26313709985865
1083	2015-01-05 20:00:00	pred_9	25.848812192238693
1084	2015-01-05 20:00:00	pred_3	17.282240768564517
1085	2015-01-05 20:00:00	pred_10	24.14995191791389
1086	2015-01-05 20:00:00	pred_6	21.656522910070553
1087	2015-01-05 20:00:00	pred_12	22.405388094984154
1088	2015-01-05 20:00:00	pred_11	25.142885988211816
1089	2015-01-05 20:00:00	pred_4	20.523399546375526
1090	2015-01-05 20:00:00	pred_1	22.769206981713282
1091	2015-01-05 20:00:00	pred_7	18.798506601516664
1092	2015-01-05 21:00:00	pred_5	24.468610601010102
1093	2015-01-05 21:00:00	pred_4	25.52439044392013
1094	2015-01-05 21:00:00	pred_7	24.50480953317611
1095	2015-01-05 21:00:00	pred_6	27.404420061234173
1096	2015-01-05 21:00:00	pred_12	27.4631889067467
1097	2015-01-05 21:00:00	pred_11	28.46663550111501
1098	2015-01-05 21:00:00	pred_3	23.55747825431077
1099	2015-01-05 21:00:00	pred_10	27.989954938243
1100	2015-01-05 21:00:00	pred_8	27.77221850386455
1101	2015-01-05 21:00:00	pred_9	27.78765370078707
1102	2015-01-05 21:00:00	pred_2	26.538725217582694
1103	2015-01-05 21:00:00	pred_1	25.97297131835413
1104	2015-01-05 22:00:00	pred_1	93.247866135198
1105	2015-01-05 22:00:00	pred_6	81.41069876553159
1106	2015-01-05 22:00:00	pred_5	85.88521253333236
1107	2015-01-05 22:00:00	pred_10	68.76477156623407
1108	2015-01-05 22:00:00	pred_9	67.52390575699118
1109	2015-01-05 22:00:00	pred_11	61.68247841176576
1110	2015-01-05 22:00:00	pred_2	96.14654144209652
1111	2015-01-05 22:00:00	pred_8	71.36839941590333
1112	2015-01-05 22:00:00	pred_7	74.82326161697345
1113	2015-01-05 22:00:00	pred_4	87.16301521194728
1114	2015-01-05 22:00:00	pred_12	57.768800987038745
1115	2015-01-05 22:00:00	pred_3	93.61875326402613
1116	2015-01-05 23:00:00	pred_2	91.08678694073127
1117	2015-01-05 23:00:00	pred_5	85.56891065682281
1118	2015-01-05 23:00:00	pred_4	84.09711172120237
1119	2015-01-05 23:00:00	pred_1	90.49472894669745
1120	2015-01-05 23:00:00	pred_3	91.38829869006477
1121	2015-01-05 23:00:00	pred_6	85.33963233653247
1122	2015-01-05 23:00:00	pred_8	84.64336055096277
1123	2015-01-05 23:00:00	pred_12	76.7866862053907
1124	2015-01-05 23:00:00	pred_11	71.36194140602655
1125	2015-01-05 23:00:00	pred_10	80.1597312806706
1126	2015-01-05 23:00:00	pred_9	78.66746824716994
1127	2015-01-05 23:00:00	pred_7	86.12494709827274
1128	2015-01-06 00:00:00	pred_3	18.498921261396227
1129	2015-01-06 00:00:00	pred_11	24.89045980810044
1130	2015-01-06 00:00:00	pred_10	24.749677467255214
1131	2015-01-06 00:00:00	pred_7	21.549448290147204
1132	2015-01-06 00:00:00	pred_8	24.296143774761163
1133	2015-01-06 00:00:00	pred_2	20.787514434243022
1134	2015-01-06 00:00:00	pred_4	19.823200017338365
1135	2015-01-06 00:00:00	pred_1	21.70533271709268
1136	2015-01-06 00:00:00	pred_9	22.786124219158072
1137	2015-01-06 00:00:00	pred_5	20.02320516949586
1138	2015-01-06 00:00:00	pred_6	21.51837309922204
1139	2015-01-06 00:00:00	pred_12	24.233208754724203
1140	2015-01-06 01:00:00	pred_10	13.970644060473735
1141	2015-01-06 01:00:00	pred_1	12.947596362311785
1142	2015-01-06 01:00:00	pred_5	11.164994555962664
1143	2015-01-06 01:00:00	pred_3	10.68552869766949
1144	2015-01-06 01:00:00	pred_8	11.871226177413115
1145	2015-01-06 01:00:00	pred_12	8.723819388504571
1146	2015-01-06 01:00:00	pred_11	13.48968113895761
1147	2015-01-06 01:00:00	pred_2	13.154717102359266
1148	2015-01-06 01:00:00	pred_6	13.042897023034921
1149	2015-01-06 01:00:00	pred_7	11.494003400521382
1150	2015-01-06 01:00:00	pred_9	17.57645573638245
1151	2015-01-06 01:00:00	pred_4	12.016583167461993
1152	2015-01-06 02:00:00	pred_12	43.35685445742807
1153	2015-01-06 02:00:00	pred_9	39.90652530227314
1154	2015-01-06 02:00:00	pred_8	45.01955750965683
1155	2015-01-06 02:00:00	pred_2	36.648991177261365
1156	2015-01-06 02:00:00	pred_7	39.37753071296676
1157	2015-01-06 02:00:00	pred_1	38.3515408037396
1158	2015-01-06 02:00:00	pred_3	37.94829607865249
1159	2015-01-06 02:00:00	pred_5	37.11225949949487
1160	2015-01-06 02:00:00	pred_11	38.9351112280085
1161	2015-01-06 02:00:00	pred_6	38.27399252233182
1162	2015-01-06 02:00:00	pred_4	36.696127717882106
1163	2015-01-06 02:00:00	pred_10	45.48598558790066
1164	2015-01-06 03:00:00	pred_7	68.65164672051756
1165	2015-01-06 03:00:00	pred_5	70.53165185389204
1166	2015-01-06 03:00:00	pred_12	62.60592157483177
1167	2015-01-06 03:00:00	pred_6	70.48786274751001
1168	2015-01-06 03:00:00	pred_10	67.34142240782306
1169	2015-01-06 03:00:00	pred_8	69.27199677185502
1170	2015-01-06 03:00:00	pred_4	71.73812572523245
1171	2015-01-06 03:00:00	pred_11	60.527344790832274
1172	2015-01-06 03:00:00	pred_2	75.20359533935104
1173	2015-01-06 03:00:00	pred_9	65.20464896171309
1174	2015-01-06 03:00:00	pred_1	74.09502832624976
1175	2015-01-06 03:00:00	pred_3	77.090972179977
1176	2015-01-06 04:00:00	pred_9	29.559185035359217
1177	2015-01-06 04:00:00	pred_5	33.514452240174045
1178	2015-01-06 04:00:00	pred_8	27.923399301449297
1179	2015-01-06 04:00:00	pred_2	33.837764484057935
1180	2015-01-06 04:00:00	pred_7	32.316831407494675
1181	2015-01-06 04:00:00	pred_3	32.31728355671485
1182	2015-01-06 04:00:00	pred_11	28.600294881644796
1183	2015-01-06 04:00:00	pred_4	32.086859174285635
1184	2015-01-06 04:00:00	pred_12	24.68138136957648
1185	2015-01-06 04:00:00	pred_6	33.80815640230281
1186	2015-01-06 04:00:00	pred_1	35.21629783559602
1187	2015-01-06 04:00:00	pred_10	27.191991954273554
1188	2015-01-06 05:00:00	pred_6	35.33918856944434
1189	2015-01-06 05:00:00	pred_10	31.57854105175529
1190	2015-01-06 05:00:00	pred_9	34.496854411485245
1191	2015-01-06 05:00:00	pred_8	36.38933217380065
1192	2015-01-06 05:00:00	pred_7	30.814159598782677
1193	2015-01-06 05:00:00	pred_5	31.6605779883112
1194	2015-01-06 05:00:00	pred_4	32.590022569899055
1195	2015-01-06 05:00:00	pred_3	28.009052792750946
1196	2015-01-06 05:00:00	pred_2	30.54570568555665
1197	2015-01-06 05:00:00	pred_1	30.558899987404644
1198	2015-01-06 05:00:00	pred_11	37.78645684620581
1199	2015-01-06 05:00:00	pred_12	34.327110181853364
