	fecha	O3_prediccion	medicion
0	2015-01-02 00:00:00	O3forecast_12	10.0
1	2015-01-02 00:00:00	O3forecast_8	11.0
2	2015-01-02 00:00:00	O3forecast_7	5.0
3	2015-01-02 00:00:00	O3forecast_10	11.0
4	2015-01-02 00:00:00	O3forecast_6	5.0
5	2015-01-02 00:00:00	O3forecast_1	4.0
6	2015-01-02 00:00:00	O3forecast_11	11.0
7	2015-01-02 00:00:00	O3forecast_4	5.0
8	2015-01-02 00:00:00	O3forecast_3	4.0
9	2015-01-02 00:00:00	O3forecast_2	4.0
10	2015-01-02 00:00:00	O3forecast_5	5.0
11	2015-01-02 00:00:00	O3forecast_9	11.0
12	2015-01-02 01:00:00	O3forecast_4	5.0
13	2015-01-02 01:00:00	O3forecast_5	5.0
14	2015-01-02 01:00:00	O3forecast_9	3.0
15	2015-01-02 01:00:00	O3forecast_1	2.0
16	2015-01-02 01:00:00	O3forecast_2	3.0
17	2015-01-02 01:00:00	O3forecast_10	7.0
18	2015-01-02 01:00:00	O3forecast_7	5.0
19	2015-01-02 01:00:00	O3forecast_6	5.0
20	2015-01-02 01:00:00	O3forecast_11	7.0
21	2015-01-02 01:00:00	O3forecast_3	5.0
22	2015-01-02 01:00:00	O3forecast_12	7.0
23	2015-01-02 01:00:00	O3forecast_8	5.0
24	2015-01-02 02:00:00	O3forecast_1	3.0
25	2015-01-02 02:00:00	O3forecast_5	2.0
26	2015-01-02 02:00:00	O3forecast_2	3.0
27	2015-01-02 02:00:00	O3forecast_6	3.0
28	2015-01-02 02:00:00	O3forecast_11	5.0
29	2015-01-02 02:00:00	O3forecast_9	5.0
30	2015-01-02 02:00:00	O3forecast_4	2.0
31	2015-01-02 02:00:00	O3forecast_3	3.0
32	2015-01-02 02:00:00	O3forecast_12	5.0
33	2015-01-02 02:00:00	O3forecast_10	5.0
34	2015-01-02 02:00:00	O3forecast_8	5.0
35	2015-01-02 02:00:00	O3forecast_7	5.0
36	2015-01-02 03:00:00	O3forecast_7	3.0
37	2015-01-02 03:00:00	O3forecast_1	2.0
38	2015-01-02 03:00:00	O3forecast_3	2.0
39	2015-01-02 03:00:00	O3forecast_11	5.0
40	2015-01-02 03:00:00	O3forecast_2	2.0
41	2015-01-02 03:00:00	O3forecast_5	3.0
42	2015-01-02 03:00:00	O3forecast_6	3.0
43	2015-01-02 03:00:00	O3forecast_10	3.0
44	2015-01-02 03:00:00	O3forecast_4	3.0
45	2015-01-02 03:00:00	O3forecast_12	5.0
46	2015-01-02 03:00:00	O3forecast_8	2.0
47	2015-01-02 03:00:00	O3forecast_9	2.0
48	2015-01-02 04:00:00	O3forecast_5	2.0
49	2015-01-02 04:00:00	O3forecast_11	3.0
50	2015-01-02 04:00:00	O3forecast_8	3.0
51	2015-01-02 04:00:00	O3forecast_1	2.0
52	2015-01-02 04:00:00	O3forecast_2	2.0
53	2015-01-02 04:00:00	O3forecast_6	2.0
54	2015-01-02 04:00:00	O3forecast_12	2.0
55	2015-01-02 04:00:00	O3forecast_3	2.0
56	2015-01-02 04:00:00	O3forecast_7	2.0
57	2015-01-02 04:00:00	O3forecast_10	3.0
58	2015-01-02 04:00:00	O3forecast_9	3.0
59	2015-01-02 04:00:00	O3forecast_4	2.0
60	2015-01-02 05:00:00	O3forecast_6	2.0
61	2015-01-02 05:00:00	O3forecast_5	2.0
62	2015-01-02 05:00:00	O3forecast_12	3.0
63	2015-01-02 05:00:00	O3forecast_7	2.0
64	2015-01-02 05:00:00	O3forecast_10	2.0
65	2015-01-02 05:00:00	O3forecast_8	2.0
66	2015-01-02 05:00:00	O3forecast_9	2.0
67	2015-01-02 05:00:00	O3forecast_11	2.0
68	2015-01-02 05:00:00	O3forecast_4	2.0
69	2015-01-02 05:00:00	O3forecast_1	2.0
70	2015-01-02 05:00:00	O3forecast_3	2.0
71	2015-01-02 05:00:00	O3forecast_2	2.0
72	2015-01-02 06:00:00	O3forecast_7	2.0
73	2015-01-02 06:00:00	O3forecast_5	2.0
74	2015-01-02 06:00:00	O3forecast_4	2.0
75	2015-01-02 06:00:00	O3forecast_6	2.0
76	2015-01-02 06:00:00	O3forecast_10	2.0
77	2015-01-02 06:00:00	O3forecast_3	2.0
78	2015-01-02 06:00:00	O3forecast_12	2.0
79	2015-01-02 06:00:00	O3forecast_8	2.0
80	2015-01-02 06:00:00	O3forecast_1	2.0
81	2015-01-02 06:00:00	O3forecast_11	2.0
82	2015-01-02 06:00:00	O3forecast_9	2.0
83	2015-01-02 06:00:00	O3forecast_2	2.0
84	2015-01-02 07:00:00	O3forecast_2	2.0
85	2015-01-02 07:00:00	O3forecast_7	2.0
86	2015-01-02 07:00:00	O3forecast_10	2.0
87	2015-01-02 07:00:00	O3forecast_11	2.0
88	2015-01-02 07:00:00	O3forecast_6	2.0
89	2015-01-02 07:00:00	O3forecast_5	2.0
90	2015-01-02 07:00:00	O3forecast_12	2.0
91	2015-01-02 07:00:00	O3forecast_3	2.0
92	2015-01-02 07:00:00	O3forecast_9	2.0
93	2015-01-02 07:00:00	O3forecast_4	2.0
94	2015-01-02 07:00:00	O3forecast_1	2.0
95	2015-01-02 07:00:00	O3forecast_8	2.0
96	2015-01-02 08:00:00	O3forecast_11	2.0
97	2015-01-02 08:00:00	O3forecast_9	2.0
98	2015-01-02 08:00:00	O3forecast_2	3.0
99	2015-01-02 08:00:00	O3forecast_1	3.0
100	2015-01-02 08:00:00	O3forecast_3	3.0
101	2015-01-02 08:00:00	O3forecast_6	2.0
102	2015-01-02 08:00:00	O3forecast_4	2.0
103	2015-01-02 08:00:00	O3forecast_10	2.0
104	2015-01-02 08:00:00	O3forecast_12	2.0
105	2015-01-02 08:00:00	O3forecast_5	2.0
106	2015-01-02 08:00:00	O3forecast_8	2.0
107	2015-01-02 08:00:00	O3forecast_7	2.0
108	2015-01-02 09:00:00	O3forecast_1	6.0
109	2015-01-02 09:00:00	O3forecast_6	3.0
110	2015-01-02 09:00:00	O3forecast_5	3.0
111	2015-01-02 09:00:00	O3forecast_2	6.0
112	2015-01-02 09:00:00	O3forecast_12	2.0
113	2015-01-02 09:00:00	O3forecast_9	2.0
114	2015-01-02 09:00:00	O3forecast_11	2.0
115	2015-01-02 09:00:00	O3forecast_4	3.0
116	2015-01-02 09:00:00	O3forecast_8	2.0
117	2015-01-02 09:00:00	O3forecast_3	6.0
118	2015-01-02 09:00:00	O3forecast_10	2.0
119	2015-01-02 09:00:00	O3forecast_7	3.0
120	2015-01-02 10:00:00	O3forecast_7	6.0
121	2015-01-02 10:00:00	O3forecast_9	3.0
122	2015-01-02 10:00:00	O3forecast_6	6.0
123	2015-01-02 10:00:00	O3forecast_4	6.0
124	2015-01-02 10:00:00	O3forecast_8	3.0
125	2015-01-02 10:00:00	O3forecast_5	6.0
126	2015-01-02 10:00:00	O3forecast_3	15.0
127	2015-01-02 10:00:00	O3forecast_12	2.0
128	2015-01-02 10:00:00	O3forecast_2	15.0
129	2015-01-02 10:00:00	O3forecast_11	3.0
130	2015-01-02 10:00:00	O3forecast_1	15.0
131	2015-01-02 10:00:00	O3forecast_10	3.0
132	2015-01-02 11:00:00	O3forecast_10	6.0
133	2015-01-02 11:00:00	O3forecast_8	6.0
134	2015-01-02 11:00:00	O3forecast_2	32.0
135	2015-01-02 11:00:00	O3forecast_6	15.0
136	2015-01-02 11:00:00	O3forecast_9	6.0
137	2015-01-02 11:00:00	O3forecast_7	15.0
138	2015-01-02 11:00:00	O3forecast_1	32.0
139	2015-01-02 11:00:00	O3forecast_12	3.0
140	2015-01-02 11:00:00	O3forecast_3	32.0
141	2015-01-02 11:00:00	O3forecast_5	15.0
142	2015-01-02 11:00:00	O3forecast_4	15.0
143	2015-01-02 11:00:00	O3forecast_11	6.0
144	2015-01-02 12:00:00	O3forecast_7	32.0
145	2015-01-02 12:00:00	O3forecast_4	32.0
146	2015-01-02 12:00:00	O3forecast_6	32.0
147	2015-01-02 12:00:00	O3forecast_11	15.0
148	2015-01-02 12:00:00	O3forecast_3	39.0
149	2015-01-02 12:00:00	O3forecast_5	32.0
150	2015-01-02 12:00:00	O3forecast_1	39.0
151	2015-01-02 12:00:00	O3forecast_9	15.0
152	2015-01-02 12:00:00	O3forecast_10	15.0
153	2015-01-02 12:00:00	O3forecast_8	15.0
154	2015-01-02 12:00:00	O3forecast_12	6.0
155	2015-01-02 12:00:00	O3forecast_2	39.0
156	2015-01-02 13:00:00	O3forecast_2	41.0
157	2015-01-02 13:00:00	O3forecast_9	32.0
158	2015-01-02 13:00:00	O3forecast_10	32.0
159	2015-01-02 13:00:00	O3forecast_8	32.0
160	2015-01-02 13:00:00	O3forecast_7	39.0
161	2015-01-02 13:00:00	O3forecast_1	41.0
162	2015-01-02 13:00:00	O3forecast_11	32.0
163	2015-01-02 13:00:00	O3forecast_4	39.0
164	2015-01-02 13:00:00	O3forecast_6	39.0
165	2015-01-02 13:00:00	O3forecast_12	15.0
166	2015-01-02 13:00:00	O3forecast_5	39.0
167	2015-01-02 13:00:00	O3forecast_3	41.0
168	2015-01-02 14:00:00	O3forecast_10	39.0
169	2015-01-02 14:00:00	O3forecast_12	32.0
170	2015-01-02 14:00:00	O3forecast_2	42.0
171	2015-01-02 14:00:00	O3forecast_5	41.0
172	2015-01-02 14:00:00	O3forecast_6	41.0
173	2015-01-02 14:00:00	O3forecast_11	23.0
174	2015-01-02 14:00:00	O3forecast_3	39.0
175	2015-01-02 14:00:00	O3forecast_7	33.0
176	2015-01-02 14:00:00	O3forecast_4	41.0
177	2015-01-02 14:00:00	O3forecast_8	39.0
178	2015-01-02 14:00:00	O3forecast_9	39.0
179	2015-01-02 14:00:00	O3forecast_1	42.0
180	2015-01-02 15:00:00	O3forecast_1	43.0
181	2015-01-02 15:00:00	O3forecast_6	42.0
182	2015-01-02 15:00:00	O3forecast_9	41.0
183	2015-01-02 15:00:00	O3forecast_5	42.0
184	2015-01-02 15:00:00	O3forecast_3	43.0
185	2015-01-02 15:00:00	O3forecast_11	39.0
186	2015-01-02 15:00:00	O3forecast_2	43.0
187	2015-01-02 15:00:00	O3forecast_12	39.0
188	2015-01-02 15:00:00	O3forecast_10	41.0
189	2015-01-02 15:00:00	O3forecast_8	41.0
190	2015-01-02 15:00:00	O3forecast_4	42.0
191	2015-01-02 15:00:00	O3forecast_7	41.0
192	2015-01-02 16:00:00	O3forecast_5	43.0
193	2015-01-02 16:00:00	O3forecast_10	42.0
194	2015-01-02 16:00:00	O3forecast_9	42.0
195	2015-01-02 16:00:00	O3forecast_12	41.0
196	2015-01-02 16:00:00	O3forecast_2	41.0
197	2015-01-02 16:00:00	O3forecast_4	43.0
198	2015-01-02 16:00:00	O3forecast_11	41.0
199	2015-01-02 16:00:00	O3forecast_1	41.0
200	2015-01-02 16:00:00	O3forecast_6	43.0
201	2015-01-02 16:00:00	O3forecast_7	43.0
202	2015-01-02 16:00:00	O3forecast_3	41.0
203	2015-01-02 16:00:00	O3forecast_8	42.0
204	2015-01-02 17:00:00	O3forecast_10	43.0
205	2015-01-02 17:00:00	O3forecast_11	43.0
206	2015-01-02 17:00:00	O3forecast_9	43.0
207	2015-01-02 17:00:00	O3forecast_8	43.0
208	2015-01-02 17:00:00	O3forecast_3	42.0
209	2015-01-02 17:00:00	O3forecast_4	42.0
210	2015-01-02 17:00:00	O3forecast_12	42.0
211	2015-01-02 17:00:00	O3forecast_1	42.0
212	2015-01-02 17:00:00	O3forecast_2	42.0
213	2015-01-02 17:00:00	O3forecast_6	41.0
214	2015-01-02 17:00:00	O3forecast_5	41.0
215	2015-01-02 17:00:00	O3forecast_7	41.0
216	2015-01-02 18:00:00	O3forecast_9	41.0
217	2015-01-02 18:00:00	O3forecast_3	36.0
218	2015-01-02 18:00:00	O3forecast_8	41.0
219	2015-01-02 18:00:00	O3forecast_12	43.0
220	2015-01-02 18:00:00	O3forecast_4	42.0
221	2015-01-02 18:00:00	O3forecast_2	36.0
222	2015-01-02 18:00:00	O3forecast_10	41.0
223	2015-01-02 18:00:00	O3forecast_11	39.0
224	2015-01-02 18:00:00	O3forecast_1	36.0
225	2015-01-02 18:00:00	O3forecast_6	42.0
226	2015-01-02 18:00:00	O3forecast_7	42.0
227	2015-01-02 18:00:00	O3forecast_5	42.0
228	2015-01-02 19:00:00	O3forecast_6	36.0
229	2015-01-02 19:00:00	O3forecast_2	29.0
230	2015-01-02 19:00:00	O3forecast_8	42.0
231	2015-01-02 19:00:00	O3forecast_4	36.0
232	2015-01-02 19:00:00	O3forecast_9	42.0
233	2015-01-02 19:00:00	O3forecast_10	42.0
234	2015-01-02 19:00:00	O3forecast_7	42.0
235	2015-01-02 19:00:00	O3forecast_1	29.0
236	2015-01-02 19:00:00	O3forecast_5	36.0
237	2015-01-02 19:00:00	O3forecast_11	41.0
238	2015-01-02 19:00:00	O3forecast_12	41.0
239	2015-01-02 19:00:00	O3forecast_3	36.0
240	2015-01-02 20:00:00	O3forecast_12	42.0
241	2015-01-02 20:00:00	O3forecast_9	36.0
242	2015-01-02 20:00:00	O3forecast_2	19.0
243	2015-01-02 20:00:00	O3forecast_4	29.0
244	2015-01-02 20:00:00	O3forecast_10	42.0
245	2015-01-02 20:00:00	O3forecast_3	27.0
246	2015-01-02 20:00:00	O3forecast_8	36.0
247	2015-01-02 20:00:00	O3forecast_6	36.0
248	2015-01-02 20:00:00	O3forecast_11	42.0
249	2015-01-02 20:00:00	O3forecast_1	19.0
250	2015-01-02 20:00:00	O3forecast_7	36.0
251	2015-01-02 20:00:00	O3forecast_5	29.0
252	2015-01-02 21:00:00	O3forecast_6	19.0
253	2015-01-02 21:00:00	O3forecast_11	36.0
254	2015-01-02 21:00:00	O3forecast_4	19.0
255	2015-01-02 21:00:00	O3forecast_7	27.0
256	2015-01-02 21:00:00	O3forecast_12	36.0
257	2015-01-02 21:00:00	O3forecast_3	10.0
258	2015-01-02 21:00:00	O3forecast_2	10.0
259	2015-01-02 21:00:00	O3forecast_1	10.0
260	2015-01-02 21:00:00	O3forecast_9	29.0
261	2015-01-02 21:00:00	O3forecast_8	29.0
262	2015-01-02 21:00:00	O3forecast_5	19.0
263	2015-01-02 21:00:00	O3forecast_10	36.0
264	2015-01-02 22:00:00	O3forecast_3	11.0
265	2015-01-02 22:00:00	O3forecast_2	11.0
266	2015-01-02 22:00:00	O3forecast_1	11.0
267	2015-01-02 22:00:00	O3forecast_8	19.0
268	2015-01-02 22:00:00	O3forecast_9	19.0
269	2015-01-02 22:00:00	O3forecast_6	10.0
270	2015-01-02 22:00:00	O3forecast_5	10.0
271	2015-01-02 22:00:00	O3forecast_4	10.0
272	2015-01-02 22:00:00	O3forecast_7	10.0
273	2015-01-02 22:00:00	O3forecast_12	29.0
274	2015-01-02 22:00:00	O3forecast_11	27.0
275	2015-01-02 22:00:00	O3forecast_10	19.0
276	2015-01-02 23:00:00	O3forecast_5	11.0
277	2015-01-02 23:00:00	O3forecast_2	5.0
278	2015-01-02 23:00:00	O3forecast_4	11.0
279	2015-01-02 23:00:00	O3forecast_11	10.0
280	2015-01-02 23:00:00	O3forecast_12	19.0
281	2015-01-02 23:00:00	O3forecast_1	5.0
282	2015-01-02 23:00:00	O3forecast_10	10.0
283	2015-01-02 23:00:00	O3forecast_6	11.0
284	2015-01-02 23:00:00	O3forecast_8	10.0
285	2015-01-02 23:00:00	O3forecast_7	11.0
286	2015-01-02 23:00:00	O3forecast_9	10.0
287	2015-01-02 23:00:00	O3forecast_3	5.0
288	2015-01-03 00:00:00	O3forecast_1	3.0
289	2015-01-03 00:00:00	O3forecast_2	3.0
290	2015-01-03 00:00:00	O3forecast_4	3.0
291	2015-01-03 00:00:00	O3forecast_5	3.0
292	2015-01-03 00:00:00	O3forecast_7	4.0
293	2015-01-03 00:00:00	O3forecast_8	11.0
294	2015-01-03 00:00:00	O3forecast_9	11.0
295	2015-01-03 00:00:00	O3forecast_11	11.0
296	2015-01-03 00:00:00	O3forecast_6	3.0
297	2015-01-03 00:00:00	O3forecast_3	3.0
298	2015-01-03 00:00:00	O3forecast_10	11.0
299	2015-01-03 00:00:00	O3forecast_12	18.0
300	2015-01-03 01:00:00	O3forecast_12	19.0
301	2015-01-03 01:00:00	O3forecast_2	11.0
302	2015-01-03 01:00:00	O3forecast_8	17.0
303	2015-01-03 01:00:00	O3forecast_3	11.0
304	2015-01-03 01:00:00	O3forecast_4	21.0
305	2015-01-03 01:00:00	O3forecast_5	21.0
306	2015-01-03 01:00:00	O3forecast_11	15.0
307	2015-01-03 01:00:00	O3forecast_10	15.0
308	2015-01-03 01:00:00	O3forecast_1	11.0
309	2015-01-03 01:00:00	O3forecast_9	17.0
310	2015-01-03 01:00:00	O3forecast_6	21.0
311	2015-01-03 01:00:00	O3forecast_7	21.0
312	2015-01-03 02:00:00	O3forecast_9	21.0
313	2015-01-03 02:00:00	O3forecast_4	6.0
314	2015-01-03 02:00:00	O3forecast_2	6.0
315	2015-01-03 02:00:00	O3forecast_12	17.0
316	2015-01-03 02:00:00	O3forecast_6	11.0
317	2015-01-03 02:00:00	O3forecast_3	6.0
318	2015-01-03 02:00:00	O3forecast_5	11.0
319	2015-01-03 02:00:00	O3forecast_11	21.0
320	2015-01-03 02:00:00	O3forecast_1	8.0
321	2015-01-03 02:00:00	O3forecast_8	21.0
322	2015-01-03 02:00:00	O3forecast_10	21.0
323	2015-01-03 02:00:00	O3forecast_7	11.0
324	2015-01-03 03:00:00	O3forecast_7	6.0
325	2015-01-03 03:00:00	O3forecast_3	8.0
326	2015-01-03 03:00:00	O3forecast_1	9.0
327	2015-01-03 03:00:00	O3forecast_8	6.0
328	2015-01-03 03:00:00	O3forecast_10	11.0
329	2015-01-03 03:00:00	O3forecast_6	6.0
330	2015-01-03 03:00:00	O3forecast_4	8.0
331	2015-01-03 03:00:00	O3forecast_11	11.0
332	2015-01-03 03:00:00	O3forecast_5	8.0
333	2015-01-03 03:00:00	O3forecast_2	8.0
334	2015-01-03 03:00:00	O3forecast_12	21.0
335	2015-01-03 03:00:00	O3forecast_9	11.0
336	2015-01-03 04:00:00	O3forecast_5	9.0
337	2015-01-03 04:00:00	O3forecast_10	6.0
338	2015-01-03 04:00:00	O3forecast_8	8.0
339	2015-01-03 04:00:00	O3forecast_1	11.0
340	2015-01-03 04:00:00	O3forecast_11	6.0
341	2015-01-03 04:00:00	O3forecast_2	11.0
342	2015-01-03 04:00:00	O3forecast_12	6.0
343	2015-01-03 04:00:00	O3forecast_7	8.0
344	2015-01-03 04:00:00	O3forecast_4	11.0
345	2015-01-03 04:00:00	O3forecast_3	11.0
346	2015-01-03 04:00:00	O3forecast_6	8.0
347	2015-01-03 04:00:00	O3forecast_9	8.0
348	2015-01-03 05:00:00	O3forecast_5	11.0
349	2015-01-03 05:00:00	O3forecast_6	11.0
350	2015-01-03 05:00:00	O3forecast_7	11.0
351	2015-01-03 05:00:00	O3forecast_2	13.0
352	2015-01-03 05:00:00	O3forecast_11	8.0
353	2015-01-03 05:00:00	O3forecast_9	9.0
354	2015-01-03 05:00:00	O3forecast_8	11.0
355	2015-01-03 05:00:00	O3forecast_10	8.0
356	2015-01-03 05:00:00	O3forecast_12	8.0
357	2015-01-03 05:00:00	O3forecast_1	13.0
358	2015-01-03 05:00:00	O3forecast_3	13.0
359	2015-01-03 05:00:00	O3forecast_4	9.0
360	2015-01-03 06:00:00	O3forecast_10	11.0
361	2015-01-03 06:00:00	O3forecast_3	17.0
362	2015-01-03 06:00:00	O3forecast_12	11.0
363	2015-01-03 06:00:00	O3forecast_5	13.0
364	2015-01-03 06:00:00	O3forecast_9	11.0
365	2015-01-03 06:00:00	O3forecast_7	13.0
366	2015-01-03 06:00:00	O3forecast_6	13.0
367	2015-01-03 06:00:00	O3forecast_4	13.0
368	2015-01-03 06:00:00	O3forecast_11	11.0
369	2015-01-03 06:00:00	O3forecast_2	17.0
370	2015-01-03 06:00:00	O3forecast_1	17.0
371	2015-01-03 06:00:00	O3forecast_8	9.0
372	2015-01-03 07:00:00	O3forecast_1	4.0
373	2015-01-03 07:00:00	O3forecast_6	17.0
374	2015-01-03 07:00:00	O3forecast_3	9.0
375	2015-01-03 07:00:00	O3forecast_8	13.0
376	2015-01-03 07:00:00	O3forecast_2	9.0
377	2015-01-03 07:00:00	O3forecast_9	13.0
378	2015-01-03 07:00:00	O3forecast_5	17.0
379	2015-01-03 07:00:00	O3forecast_7	17.0
380	2015-01-03 07:00:00	O3forecast_11	13.0
381	2015-01-03 07:00:00	O3forecast_10	13.0
382	2015-01-03 07:00:00	O3forecast_4	17.0
383	2015-01-03 07:00:00	O3forecast_12	9.0
384	2015-01-03 08:00:00	O3forecast_11	17.0
385	2015-01-03 08:00:00	O3forecast_5	4.0
386	2015-01-03 08:00:00	O3forecast_8	17.0
387	2015-01-03 08:00:00	O3forecast_1	5.0
388	2015-01-03 08:00:00	O3forecast_4	4.0
389	2015-01-03 08:00:00	O3forecast_9	17.0
390	2015-01-03 08:00:00	O3forecast_6	9.0
391	2015-01-03 08:00:00	O3forecast_12	13.0
392	2015-01-03 08:00:00	O3forecast_2	5.0
393	2015-01-03 08:00:00	O3forecast_10	17.0
394	2015-01-03 08:00:00	O3forecast_7	9.0
395	2015-01-03 08:00:00	O3forecast_3	5.0
396	2015-01-03 09:00:00	O3forecast_10	9.0
397	2015-01-03 09:00:00	O3forecast_8	4.0
398	2015-01-03 09:00:00	O3forecast_9	4.0
399	2015-01-03 09:00:00	O3forecast_11	9.0
400	2015-01-03 09:00:00	O3forecast_3	10.0
401	2015-01-03 09:00:00	O3forecast_2	10.0
402	2015-01-03 09:00:00	O3forecast_5	5.0
403	2015-01-03 09:00:00	O3forecast_4	5.0
404	2015-01-03 09:00:00	O3forecast_1	10.0
405	2015-01-03 09:00:00	O3forecast_12	17.0
406	2015-01-03 09:00:00	O3forecast_6	5.0
407	2015-01-03 09:00:00	O3forecast_7	5.0
408	2015-01-03 10:00:00	O3forecast_3	9.0
409	2015-01-03 10:00:00	O3forecast_5	10.0
410	2015-01-03 10:00:00	O3forecast_6	10.0
411	2015-01-03 10:00:00	O3forecast_4	10.0
412	2015-01-03 10:00:00	O3forecast_12	4.0
413	2015-01-03 10:00:00	O3forecast_10	5.0
414	2015-01-03 10:00:00	O3forecast_7	2.0
415	2015-01-03 10:00:00	O3forecast_2	22.0
416	2015-01-03 10:00:00	O3forecast_9	5.0
417	2015-01-03 10:00:00	O3forecast_11	3.0
418	2015-01-03 10:00:00	O3forecast_8	5.0
419	2015-01-03 10:00:00	O3forecast_1	22.0
420	2015-01-03 11:00:00	O3forecast_7	10.0
421	2015-01-03 11:00:00	O3forecast_6	22.0
422	2015-01-03 11:00:00	O3forecast_4	22.0
423	2015-01-03 11:00:00	O3forecast_8	10.0
424	2015-01-03 11:00:00	O3forecast_3	29.0
425	2015-01-03 11:00:00	O3forecast_5	22.0
426	2015-01-03 11:00:00	O3forecast_11	5.0
427	2015-01-03 11:00:00	O3forecast_2	29.0
428	2015-01-03 11:00:00	O3forecast_12	5.0
429	2015-01-03 11:00:00	O3forecast_10	10.0
430	2015-01-03 11:00:00	O3forecast_1	29.0
431	2015-01-03 11:00:00	O3forecast_9	10.0
432	2015-01-03 12:00:00	O3forecast_10	22.0
433	2015-01-03 12:00:00	O3forecast_5	29.0
434	2015-01-03 12:00:00	O3forecast_11	10.0
435	2015-01-03 12:00:00	O3forecast_3	30.0
436	2015-01-03 12:00:00	O3forecast_1	30.0
437	2015-01-03 12:00:00	O3forecast_2	30.0
438	2015-01-03 12:00:00	O3forecast_6	29.0
439	2015-01-03 12:00:00	O3forecast_8	22.0
440	2015-01-03 12:00:00	O3forecast_4	29.0
441	2015-01-03 12:00:00	O3forecast_7	29.0
442	2015-01-03 12:00:00	O3forecast_12	10.0
443	2015-01-03 12:00:00	O3forecast_9	22.0
444	2015-01-03 13:00:00	O3forecast_1	33.0
445	2015-01-03 13:00:00	O3forecast_9	29.0
446	2015-01-03 13:00:00	O3forecast_6	30.0
447	2015-01-03 13:00:00	O3forecast_4	30.0
448	2015-01-03 13:00:00	O3forecast_3	33.0
449	2015-01-03 13:00:00	O3forecast_7	30.0
450	2015-01-03 13:00:00	O3forecast_5	30.0
451	2015-01-03 13:00:00	O3forecast_2	33.0
452	2015-01-03 13:00:00	O3forecast_12	22.0
453	2015-01-03 13:00:00	O3forecast_10	29.0
454	2015-01-03 13:00:00	O3forecast_8	29.0
455	2015-01-03 13:00:00	O3forecast_11	29.0
456	2015-01-03 14:00:00	O3forecast_8	30.0
457	2015-01-03 14:00:00	O3forecast_6	33.0
458	2015-01-03 14:00:00	O3forecast_1	38.0
459	2015-01-03 14:00:00	O3forecast_9	30.0
460	2015-01-03 14:00:00	O3forecast_4	33.0
461	2015-01-03 14:00:00	O3forecast_12	29.0
462	2015-01-03 14:00:00	O3forecast_3	33.0
463	2015-01-03 14:00:00	O3forecast_11	25.0
464	2015-01-03 14:00:00	O3forecast_7	25.0
465	2015-01-03 14:00:00	O3forecast_10	30.0
466	2015-01-03 14:00:00	O3forecast_2	38.0
467	2015-01-03 14:00:00	O3forecast_5	33.0
468	2015-01-03 15:00:00	O3forecast_4	38.0
469	2015-01-03 15:00:00	O3forecast_9	25.0
470	2015-01-03 15:00:00	O3forecast_10	25.0
471	2015-01-03 15:00:00	O3forecast_8	33.0
472	2015-01-03 15:00:00	O3forecast_1	37.0
473	2015-01-03 15:00:00	O3forecast_12	30.0
474	2015-01-03 15:00:00	O3forecast_7	33.0
475	2015-01-03 15:00:00	O3forecast_6	33.0
476	2015-01-03 15:00:00	O3forecast_2	31.0
477	2015-01-03 15:00:00	O3forecast_5	32.0
478	2015-01-03 15:00:00	O3forecast_11	30.0
479	2015-01-03 15:00:00	O3forecast_3	38.0
480	2015-01-03 16:00:00	O3forecast_7	38.0
481	2015-01-03 16:00:00	O3forecast_4	37.0
482	2015-01-03 16:00:00	O3forecast_5	38.0
483	2015-01-03 16:00:00	O3forecast_10	33.0
484	2015-01-03 16:00:00	O3forecast_11	33.0
485	2015-01-03 16:00:00	O3forecast_9	33.0
486	2015-01-03 16:00:00	O3forecast_1	38.0
487	2015-01-03 16:00:00	O3forecast_3	37.0
488	2015-01-03 16:00:00	O3forecast_2	37.0
489	2015-01-03 16:00:00	O3forecast_6	38.0
490	2015-01-03 16:00:00	O3forecast_12	25.0
491	2015-01-03 16:00:00	O3forecast_8	33.0
492	2015-01-03 17:00:00	O3forecast_12	33.0
493	2015-01-03 17:00:00	O3forecast_10	38.0
494	2015-01-03 17:00:00	O3forecast_2	38.0
495	2015-01-03 17:00:00	O3forecast_4	38.0
496	2015-01-03 17:00:00	O3forecast_3	38.0
497	2015-01-03 17:00:00	O3forecast_5	37.0
498	2015-01-03 17:00:00	O3forecast_6	37.0
499	2015-01-03 17:00:00	O3forecast_11	33.0
500	2015-01-03 17:00:00	O3forecast_8	38.0
501	2015-01-03 17:00:00	O3forecast_9	38.0
502	2015-01-03 17:00:00	O3forecast_1	37.0
503	2015-01-03 17:00:00	O3forecast_7	37.0
504	2015-01-03 18:00:00	O3forecast_1	34.0
505	2015-01-03 18:00:00	O3forecast_12	38.0
506	2015-01-03 18:00:00	O3forecast_6	38.0
507	2015-01-03 18:00:00	O3forecast_4	37.0
508	2015-01-03 18:00:00	O3forecast_11	38.0
509	2015-01-03 18:00:00	O3forecast_7	38.0
510	2015-01-03 18:00:00	O3forecast_3	37.0
511	2015-01-03 18:00:00	O3forecast_2	34.0
512	2015-01-03 18:00:00	O3forecast_10	37.0
513	2015-01-03 18:00:00	O3forecast_8	37.0
514	2015-01-03 18:00:00	O3forecast_5	38.0
515	2015-01-03 18:00:00	O3forecast_9	37.0
516	2015-01-03 19:00:00	O3forecast_2	24.0
517	2015-01-03 19:00:00	O3forecast_12	37.0
518	2015-01-03 19:00:00	O3forecast_11	38.0
519	2015-01-03 19:00:00	O3forecast_4	34.0
520	2015-01-03 19:00:00	O3forecast_10	38.0
521	2015-01-03 19:00:00	O3forecast_5	34.0
522	2015-01-03 19:00:00	O3forecast_9	38.0
523	2015-01-03 19:00:00	O3forecast_6	37.0
524	2015-01-03 19:00:00	O3forecast_1	24.0
525	2015-01-03 19:00:00	O3forecast_3	34.0
526	2015-01-03 19:00:00	O3forecast_8	38.0
527	2015-01-03 19:00:00	O3forecast_7	37.0
528	2015-01-03 20:00:00	O3forecast_7	34.0
529	2015-01-03 20:00:00	O3forecast_4	24.0
530	2015-01-03 20:00:00	O3forecast_9	34.0
531	2015-01-03 20:00:00	O3forecast_6	24.0
532	2015-01-03 20:00:00	O3forecast_11	37.0
533	2015-01-03 20:00:00	O3forecast_5	24.0
534	2015-01-03 20:00:00	O3forecast_2	20.0
535	2015-01-03 20:00:00	O3forecast_3	20.0
536	2015-01-03 20:00:00	O3forecast_1	20.0
537	2015-01-03 20:00:00	O3forecast_10	37.0
538	2015-01-03 20:00:00	O3forecast_8	34.0
539	2015-01-03 20:00:00	O3forecast_12	38.0
540	2015-01-03 21:00:00	O3forecast_2	18.0
541	2015-01-03 21:00:00	O3forecast_1	18.0
542	2015-01-03 21:00:00	O3forecast_6	20.0
543	2015-01-03 21:00:00	O3forecast_4	20.0
544	2015-01-03 21:00:00	O3forecast_7	20.0
545	2015-01-03 21:00:00	O3forecast_11	34.0
546	2015-01-03 21:00:00	O3forecast_12	34.0
547	2015-01-03 21:00:00	O3forecast_3	18.0
548	2015-01-03 21:00:00	O3forecast_8	24.0
549	2015-01-03 21:00:00	O3forecast_5	20.0
550	2015-01-03 21:00:00	O3forecast_9	24.0
551	2015-01-03 21:00:00	O3forecast_10	24.0
552	2015-01-03 22:00:00	O3forecast_3	11.0
553	2015-01-03 22:00:00	O3forecast_1	11.0
554	2015-01-03 22:00:00	O3forecast_10	20.0
555	2015-01-03 22:00:00	O3forecast_9	20.0
556	2015-01-03 22:00:00	O3forecast_11	20.0
557	2015-01-03 22:00:00	O3forecast_5	18.0
558	2015-01-03 22:00:00	O3forecast_12	24.0
559	2015-01-03 22:00:00	O3forecast_6	18.0
560	2015-01-03 22:00:00	O3forecast_4	18.0
561	2015-01-03 22:00:00	O3forecast_2	11.0
562	2015-01-03 22:00:00	O3forecast_8	20.0
563	2015-01-03 22:00:00	O3forecast_7	18.0
564	2015-01-03 23:00:00	O3forecast_6	11.0
565	2015-01-03 23:00:00	O3forecast_2	3.0
566	2015-01-03 23:00:00	O3forecast_11	18.0
567	2015-01-03 23:00:00	O3forecast_8	18.0
568	2015-01-03 23:00:00	O3forecast_9	18.0
569	2015-01-03 23:00:00	O3forecast_7	11.0
570	2015-01-03 23:00:00	O3forecast_10	18.0
571	2015-01-03 23:00:00	O3forecast_12	20.0
572	2015-01-03 23:00:00	O3forecast_5	11.0
573	2015-01-03 23:00:00	O3forecast_3	4.0
574	2015-01-03 23:00:00	O3forecast_1	3.0
575	2015-01-03 23:00:00	O3forecast_4	11.0
576	2015-01-04 00:00:00	O3forecast_1	22.0
577	2015-01-04 00:00:00	O3forecast_11	10.0
578	2015-01-04 00:00:00	O3forecast_3	11.0
579	2015-01-04 00:00:00	O3forecast_8	20.0
580	2015-01-04 00:00:00	O3forecast_4	22.0
581	2015-01-04 00:00:00	O3forecast_9	20.0
582	2015-01-04 00:00:00	O3forecast_7	11.0
583	2015-01-04 00:00:00	O3forecast_10	13.0
584	2015-01-04 00:00:00	O3forecast_5	22.0
585	2015-01-04 00:00:00	O3forecast_2	11.0
586	2015-01-04 00:00:00	O3forecast_12	10.0
587	2015-01-04 00:00:00	O3forecast_6	11.0
588	2015-01-04 03:00:00	O3forecast_7	9.0
589	2015-01-04 03:00:00	O3forecast_5	8.0
590	2015-01-04 03:00:00	O3forecast_6	9.0
591	2015-01-04 03:00:00	O3forecast_12	7.0
592	2015-01-04 03:00:00	O3forecast_11	7.0
593	2015-01-04 03:00:00	O3forecast_3	8.0
594	2015-01-04 03:00:00	O3forecast_1	6.0
595	2015-01-04 03:00:00	O3forecast_4	8.0
596	2015-01-04 03:00:00	O3forecast_2	6.0
597	2015-01-04 03:00:00	O3forecast_10	9.0
598	2015-01-04 03:00:00	O3forecast_8	9.0
599	2015-01-04 03:00:00	O3forecast_9	9.0
600	2015-01-04 04:00:00	O3forecast_3	4.0
601	2015-01-04 04:00:00	O3forecast_1	8.0
602	2015-01-04 04:00:00	O3forecast_8	8.0
603	2015-01-04 04:00:00	O3forecast_2	4.0
604	2015-01-04 04:00:00	O3forecast_6	6.0
605	2015-01-04 04:00:00	O3forecast_10	8.0
606	2015-01-04 04:00:00	O3forecast_11	9.0
607	2015-01-04 04:00:00	O3forecast_4	4.0
608	2015-01-04 04:00:00	O3forecast_7	6.0
609	2015-01-04 04:00:00	O3forecast_9	8.0
610	2015-01-04 04:00:00	O3forecast_5	4.0
611	2015-01-04 04:00:00	O3forecast_12	9.0
612	2015-01-04 05:00:00	O3forecast_5	8.0
613	2015-01-04 05:00:00	O3forecast_4	8.0
614	2015-01-04 05:00:00	O3forecast_10	4.0
615	2015-01-04 05:00:00	O3forecast_6	8.0
616	2015-01-04 05:00:00	O3forecast_9	4.0
617	2015-01-04 05:00:00	O3forecast_3	8.0
618	2015-01-04 05:00:00	O3forecast_7	4.0
619	2015-01-04 05:00:00	O3forecast_12	6.0
620	2015-01-04 05:00:00	O3forecast_2	8.0
621	2015-01-04 05:00:00	O3forecast_8	4.0
622	2015-01-04 05:00:00	O3forecast_11	6.0
623	2015-01-04 05:00:00	O3forecast_1	4.0
624	2015-01-04 06:00:00	O3forecast_1	3.0
625	2015-01-04 06:00:00	O3forecast_5	4.0
626	2015-01-04 06:00:00	O3forecast_4	4.0
627	2015-01-04 06:00:00	O3forecast_12	4.0
628	2015-01-04 06:00:00	O3forecast_9	8.0
629	2015-01-04 06:00:00	O3forecast_8	8.0
630	2015-01-04 06:00:00	O3forecast_6	4.0
631	2015-01-04 06:00:00	O3forecast_3	4.0
632	2015-01-04 06:00:00	O3forecast_10	8.0
633	2015-01-04 06:00:00	O3forecast_2	4.0
634	2015-01-04 06:00:00	O3forecast_7	8.0
635	2015-01-04 06:00:00	O3forecast_11	8.0
636	2015-01-04 07:00:00	O3forecast_8	4.0
637	2015-01-04 07:00:00	O3forecast_3	3.0
638	2015-01-04 07:00:00	O3forecast_12	8.0
639	2015-01-04 07:00:00	O3forecast_1	2.0
640	2015-01-04 07:00:00	O3forecast_7	4.0
641	2015-01-04 07:00:00	O3forecast_10	4.0
642	2015-01-04 07:00:00	O3forecast_6	3.0
643	2015-01-04 07:00:00	O3forecast_4	3.0
644	2015-01-04 07:00:00	O3forecast_11	4.0
645	2015-01-04 07:00:00	O3forecast_5	3.0
646	2015-01-04 07:00:00	O3forecast_9	4.0
647	2015-01-04 07:00:00	O3forecast_2	3.0
648	2015-01-04 08:00:00	O3forecast_12	4.0
649	2015-01-04 08:00:00	O3forecast_11	3.0
650	2015-01-04 08:00:00	O3forecast_8	3.0
651	2015-01-04 08:00:00	O3forecast_1	3.0
652	2015-01-04 08:00:00	O3forecast_5	2.0
653	2015-01-04 08:00:00	O3forecast_10	3.0
654	2015-01-04 08:00:00	O3forecast_2	3.0
655	2015-01-04 08:00:00	O3forecast_3	3.0
656	2015-01-04 08:00:00	O3forecast_7	3.0
657	2015-01-04 08:00:00	O3forecast_9	3.0
658	2015-01-04 08:00:00	O3forecast_4	3.0
659	2015-01-04 08:00:00	O3forecast_6	2.0
660	2015-01-04 09:00:00	O3forecast_5	3.0
661	2015-01-04 09:00:00	O3forecast_3	6.0
662	2015-01-04 09:00:00	O3forecast_8	3.0
663	2015-01-04 09:00:00	O3forecast_4	6.0
664	2015-01-04 09:00:00	O3forecast_10	2.0
665	2015-01-04 09:00:00	O3forecast_11	2.0
666	2015-01-04 09:00:00	O3forecast_1	6.0
667	2015-01-04 09:00:00	O3forecast_2	6.0
668	2015-01-04 09:00:00	O3forecast_9	3.0
669	2015-01-04 09:00:00	O3forecast_7	3.0
670	2015-01-04 09:00:00	O3forecast_12	3.0
671	2015-01-04 09:00:00	O3forecast_6	3.0
672	2015-01-04 10:00:00	O3forecast_1	10.0
673	2015-01-04 10:00:00	O3forecast_11	3.0
674	2015-01-04 10:00:00	O3forecast_8	6.0
675	2015-01-04 10:00:00	O3forecast_3	10.0
676	2015-01-04 10:00:00	O3forecast_12	3.0
677	2015-01-04 10:00:00	O3forecast_4	10.0
678	2015-01-04 10:00:00	O3forecast_9	6.0
679	2015-01-04 10:00:00	O3forecast_5	6.0
680	2015-01-04 10:00:00	O3forecast_7	6.0
681	2015-01-04 10:00:00	O3forecast_2	10.0
682	2015-01-04 10:00:00	O3forecast_6	6.0
683	2015-01-04 10:00:00	O3forecast_10	3.0
684	2015-01-04 11:00:00	O3forecast_4	20.0
685	2015-01-04 11:00:00	O3forecast_12	6.0
686	2015-01-04 11:00:00	O3forecast_7	10.0
687	2015-01-04 11:00:00	O3forecast_2	20.0
688	2015-01-04 11:00:00	O3forecast_11	6.0
689	2015-01-04 11:00:00	O3forecast_3	20.0
690	2015-01-04 11:00:00	O3forecast_9	10.0
691	2015-01-04 11:00:00	O3forecast_8	10.0
692	2015-01-04 11:00:00	O3forecast_5	10.0
693	2015-01-04 11:00:00	O3forecast_1	20.0
694	2015-01-04 11:00:00	O3forecast_10	6.0
695	2015-01-04 11:00:00	O3forecast_6	10.0
696	2015-01-04 12:00:00	O3forecast_3	33.0
697	2015-01-04 12:00:00	O3forecast_5	20.0
698	2015-01-04 12:00:00	O3forecast_4	33.0
699	2015-01-04 12:00:00	O3forecast_12	10.0
700	2015-01-04 12:00:00	O3forecast_2	33.0
701	2015-01-04 12:00:00	O3forecast_6	20.0
702	2015-01-04 12:00:00	O3forecast_1	33.0
703	2015-01-04 12:00:00	O3forecast_9	20.0
704	2015-01-04 12:00:00	O3forecast_10	10.0
705	2015-01-04 12:00:00	O3forecast_11	10.0
706	2015-01-04 12:00:00	O3forecast_7	20.0
707	2015-01-04 12:00:00	O3forecast_8	20.0
708	2015-01-04 13:00:00	O3forecast_5	33.0
709	2015-01-04 13:00:00	O3forecast_3	42.0
710	2015-01-04 13:00:00	O3forecast_9	33.0
711	2015-01-04 13:00:00	O3forecast_10	20.0
712	2015-01-04 13:00:00	O3forecast_7	33.0
713	2015-01-04 13:00:00	O3forecast_4	42.0
714	2015-01-04 13:00:00	O3forecast_8	33.0
715	2015-01-04 13:00:00	O3forecast_6	33.0
716	2015-01-04 13:00:00	O3forecast_12	20.0
717	2015-01-04 13:00:00	O3forecast_11	20.0
718	2015-01-04 13:00:00	O3forecast_2	42.0
719	2015-01-04 13:00:00	O3forecast_1	43.0
720	2015-01-04 14:00:00	O3forecast_2	45.0
721	2015-01-04 14:00:00	O3forecast_11	33.0
722	2015-01-04 14:00:00	O3forecast_7	42.0
723	2015-01-04 14:00:00	O3forecast_3	45.0
724	2015-01-04 14:00:00	O3forecast_6	43.0
725	2015-01-04 14:00:00	O3forecast_4	43.0
726	2015-01-04 14:00:00	O3forecast_8	42.0
727	2015-01-04 14:00:00	O3forecast_12	33.0
728	2015-01-04 14:00:00	O3forecast_9	42.0
729	2015-01-04 14:00:00	O3forecast_10	33.0
730	2015-01-04 14:00:00	O3forecast_1	49.0
731	2015-01-04 14:00:00	O3forecast_5	43.0
732	2015-01-04 15:00:00	O3forecast_8	45.0
733	2015-01-04 15:00:00	O3forecast_5	49.0
734	2015-01-04 15:00:00	O3forecast_11	43.0
735	2015-01-04 15:00:00	O3forecast_12	42.0
736	2015-01-04 15:00:00	O3forecast_1	59.0
737	2015-01-04 15:00:00	O3forecast_6	49.0
738	2015-01-04 15:00:00	O3forecast_2	49.0
739	2015-01-04 15:00:00	O3forecast_10	43.0
740	2015-01-04 15:00:00	O3forecast_3	49.0
741	2015-01-04 15:00:00	O3forecast_9	43.0
742	2015-01-04 15:00:00	O3forecast_7	45.0
743	2015-01-04 15:00:00	O3forecast_4	49.0
744	2015-01-04 16:00:00	O3forecast_8	49.0
745	2015-01-04 16:00:00	O3forecast_1	65.0
746	2015-01-04 16:00:00	O3forecast_2	59.0
747	2015-01-04 16:00:00	O3forecast_12	45.0
748	2015-01-04 16:00:00	O3forecast_7	49.0
749	2015-01-04 16:00:00	O3forecast_5	59.0
750	2015-01-04 16:00:00	O3forecast_4	59.0
751	2015-01-04 16:00:00	O3forecast_3	59.0
752	2015-01-04 16:00:00	O3forecast_11	49.0
753	2015-01-04 16:00:00	O3forecast_9	49.0
754	2015-01-04 16:00:00	O3forecast_10	49.0
755	2015-01-04 16:00:00	O3forecast_6	59.0
756	2015-01-04 17:00:00	O3forecast_7	59.0
757	2015-01-04 17:00:00	O3forecast_3	65.0
758	2015-01-04 17:00:00	O3forecast_12	49.0
759	2015-01-04 17:00:00	O3forecast_2	65.0
760	2015-01-04 17:00:00	O3forecast_9	59.0
761	2015-01-04 17:00:00	O3forecast_1	56.0
762	2015-01-04 17:00:00	O3forecast_11	48.0
763	2015-01-04 17:00:00	O3forecast_8	59.0
764	2015-01-04 17:00:00	O3forecast_5	65.0
765	2015-01-04 17:00:00	O3forecast_4	65.0
766	2015-01-04 17:00:00	O3forecast_6	40.0
767	2015-01-04 17:00:00	O3forecast_10	59.0
768	2015-01-04 18:00:00	O3forecast_7	65.0
769	2015-01-04 18:00:00	O3forecast_9	65.0
770	2015-01-04 18:00:00	O3forecast_2	56.0
771	2015-01-04 18:00:00	O3forecast_6	65.0
772	2015-01-04 18:00:00	O3forecast_8	65.0
773	2015-01-04 18:00:00	O3forecast_3	56.0
774	2015-01-04 18:00:00	O3forecast_10	40.0
775	2015-01-04 18:00:00	O3forecast_5	56.0
776	2015-01-04 18:00:00	O3forecast_11	59.0
777	2015-01-04 18:00:00	O3forecast_1	29.0
778	2015-01-04 18:00:00	O3forecast_12	59.0
779	2015-01-04 18:00:00	O3forecast_4	56.0
780	2015-01-04 19:00:00	O3forecast_8	56.0
781	2015-01-04 19:00:00	O3forecast_7	56.0
782	2015-01-04 19:00:00	O3forecast_10	65.0
783	2015-01-04 19:00:00	O3forecast_1	24.0
784	2015-01-04 19:00:00	O3forecast_2	26.0
785	2015-01-04 19:00:00	O3forecast_12	65.0
786	2015-01-04 19:00:00	O3forecast_9	56.0
787	2015-01-04 19:00:00	O3forecast_4	29.0
788	2015-01-04 19:00:00	O3forecast_5	29.0
789	2015-01-04 19:00:00	O3forecast_11	65.0
790	2015-01-04 19:00:00	O3forecast_3	26.0
791	2015-01-04 19:00:00	O3forecast_6	56.0
792	2015-01-04 20:00:00	O3forecast_12	56.0
793	2015-01-04 20:00:00	O3forecast_10	29.0
794	2015-01-04 20:00:00	O3forecast_1	23.0
795	2015-01-04 20:00:00	O3forecast_5	23.0
796	2015-01-04 20:00:00	O3forecast_7	26.0
797	2015-01-04 20:00:00	O3forecast_4	23.0
798	2015-01-04 20:00:00	O3forecast_8	26.0
799	2015-01-04 20:00:00	O3forecast_3	23.0
800	2015-01-04 20:00:00	O3forecast_6	24.0
801	2015-01-04 20:00:00	O3forecast_11	56.0
802	2015-01-04 20:00:00	O3forecast_9	29.0
803	2015-01-04 20:00:00	O3forecast_2	23.0
804	2015-01-04 21:00:00	O3forecast_6	23.0
805	2015-01-04 21:00:00	O3forecast_12	26.0
806	2015-01-04 21:00:00	O3forecast_3	20.0
807	2015-01-04 21:00:00	O3forecast_2	20.0
808	2015-01-04 21:00:00	O3forecast_10	23.0
809	2015-01-04 21:00:00	O3forecast_1	20.0
810	2015-01-04 21:00:00	O3forecast_7	23.0
811	2015-01-04 21:00:00	O3forecast_4	20.0
812	2015-01-04 21:00:00	O3forecast_9	23.0
813	2015-01-04 21:00:00	O3forecast_11	24.0
814	2015-01-04 21:00:00	O3forecast_5	23.0
815	2015-01-04 21:00:00	O3forecast_8	23.0
816	2015-01-04 22:00:00	O3forecast_12	23.0
817	2015-01-04 22:00:00	O3forecast_4	13.0
818	2015-01-04 22:00:00	O3forecast_1	20.0
819	2015-01-04 22:00:00	O3forecast_11	23.0
820	2015-01-04 22:00:00	O3forecast_6	20.0
821	2015-01-04 22:00:00	O3forecast_10	23.0
822	2015-01-04 22:00:00	O3forecast_8	20.0
823	2015-01-04 22:00:00	O3forecast_7	20.0
824	2015-01-04 22:00:00	O3forecast_2	20.0
825	2015-01-04 22:00:00	O3forecast_5	20.0
826	2015-01-04 22:00:00	O3forecast_3	20.0
827	2015-01-04 22:00:00	O3forecast_9	17.0
828	2015-01-04 23:00:00	O3forecast_9	20.0
829	2015-01-04 23:00:00	O3forecast_11	20.0
830	2015-01-04 23:00:00	O3forecast_4	20.0
831	2015-01-04 23:00:00	O3forecast_3	22.0
832	2015-01-04 23:00:00	O3forecast_7	20.0
833	2015-01-04 23:00:00	O3forecast_2	22.0
834	2015-01-04 23:00:00	O3forecast_1	22.0
835	2015-01-04 23:00:00	O3forecast_6	20.0
836	2015-01-04 23:00:00	O3forecast_12	20.0
837	2015-01-04 23:00:00	O3forecast_8	13.0
838	2015-01-04 23:00:00	O3forecast_5	20.0
839	2015-01-04 23:00:00	O3forecast_10	20.0
840	2015-01-05 00:00:00	O3forecast_4	17.0
841	2015-01-05 00:00:00	O3forecast_7	20.0
842	2015-01-05 00:00:00	O3forecast_2	17.0
843	2015-01-05 00:00:00	O3forecast_5	20.0
844	2015-01-05 00:00:00	O3forecast_9	20.0
845	2015-01-05 00:00:00	O3forecast_1	17.0
846	2015-01-05 00:00:00	O3forecast_12	20.0
847	2015-01-05 00:00:00	O3forecast_10	20.0
848	2015-01-05 00:00:00	O3forecast_11	20.0
849	2015-01-05 00:00:00	O3forecast_8	20.0
850	2015-01-05 00:00:00	O3forecast_3	17.0
851	2015-01-05 00:00:00	O3forecast_6	20.0
852	2015-01-05 01:00:00	O3forecast_11	15.0
853	2015-01-05 01:00:00	O3forecast_9	5.0
854	2015-01-05 01:00:00	O3forecast_4	5.0
855	2015-01-05 01:00:00	O3forecast_3	2.0
856	2015-01-05 01:00:00	O3forecast_1	25.0
857	2015-01-05 01:00:00	O3forecast_8	5.0
858	2015-01-05 01:00:00	O3forecast_6	15.0
859	2015-01-05 01:00:00	O3forecast_12	4.0
860	2015-01-05 01:00:00	O3forecast_7	15.0
861	2015-01-05 01:00:00	O3forecast_10	15.0
862	2015-01-05 01:00:00	O3forecast_5	5.0
863	2015-01-05 01:00:00	O3forecast_2	2.0
864	2015-01-05 02:00:00	O3forecast_4	2.0
865	2015-01-05 02:00:00	O3forecast_10	5.0
866	2015-01-05 02:00:00	O3forecast_6	5.0
867	2015-01-05 02:00:00	O3forecast_9	15.0
868	2015-01-05 02:00:00	O3forecast_5	2.0
869	2015-01-05 02:00:00	O3forecast_1	29.0
870	2015-01-05 02:00:00	O3forecast_3	25.0
871	2015-01-05 02:00:00	O3forecast_2	25.0
872	2015-01-05 02:00:00	O3forecast_8	15.0
873	2015-01-05 02:00:00	O3forecast_12	15.0
874	2015-01-05 02:00:00	O3forecast_7	5.0
875	2015-01-05 02:00:00	O3forecast_11	5.0
876	2015-01-05 03:00:00	O3forecast_9	5.0
877	2015-01-05 03:00:00	O3forecast_3	29.0
878	2015-01-05 03:00:00	O3forecast_8	5.0
879	2015-01-05 03:00:00	O3forecast_4	29.0
880	2015-01-05 03:00:00	O3forecast_10	15.0
881	2015-01-05 03:00:00	O3forecast_1	27.0
882	2015-01-05 03:00:00	O3forecast_12	15.0
883	2015-01-05 03:00:00	O3forecast_7	2.0
884	2015-01-05 03:00:00	O3forecast_11	15.0
885	2015-01-05 03:00:00	O3forecast_6	25.0
886	2015-01-05 03:00:00	O3forecast_5	25.0
887	2015-01-05 03:00:00	O3forecast_2	29.0
888	2015-01-05 04:00:00	O3forecast_12	5.0
889	2015-01-05 04:00:00	O3forecast_3	27.0
890	2015-01-05 04:00:00	O3forecast_5	29.0
891	2015-01-05 04:00:00	O3forecast_7	29.0
892	2015-01-05 04:00:00	O3forecast_9	25.0
893	2015-01-05 04:00:00	O3forecast_11	5.0
894	2015-01-05 04:00:00	O3forecast_6	29.0
895	2015-01-05 04:00:00	O3forecast_8	25.0
896	2015-01-05 04:00:00	O3forecast_1	28.0
897	2015-01-05 04:00:00	O3forecast_10	2.0
898	2015-01-05 04:00:00	O3forecast_4	27.0
899	2015-01-05 04:00:00	O3forecast_2	28.0
900	2015-01-05 05:00:00	O3forecast_11	25.0
901	2015-01-05 05:00:00	O3forecast_9	29.0
902	2015-01-05 05:00:00	O3forecast_1	27.0
903	2015-01-05 05:00:00	O3forecast_5	28.0
904	2015-01-05 05:00:00	O3forecast_12	25.0
905	2015-01-05 05:00:00	O3forecast_7	27.0
906	2015-01-05 05:00:00	O3forecast_4	28.0
907	2015-01-05 05:00:00	O3forecast_3	28.0
908	2015-01-05 05:00:00	O3forecast_6	27.0
909	2015-01-05 05:00:00	O3forecast_8	29.0
910	2015-01-05 05:00:00	O3forecast_10	29.0
911	2015-01-05 05:00:00	O3forecast_2	27.0
912	2015-01-05 06:00:00	O3forecast_6	28.0
913	2015-01-05 06:00:00	O3forecast_11	29.0
914	2015-01-05 06:00:00	O3forecast_12	29.0
915	2015-01-05 06:00:00	O3forecast_3	27.0
916	2015-01-05 06:00:00	O3forecast_10	27.0
917	2015-01-05 06:00:00	O3forecast_1	24.0
918	2015-01-05 06:00:00	O3forecast_8	28.0
919	2015-01-05 06:00:00	O3forecast_2	24.0
920	2015-01-05 06:00:00	O3forecast_7	28.0
921	2015-01-05 06:00:00	O3forecast_5	27.0
922	2015-01-05 06:00:00	O3forecast_9	27.0
923	2015-01-05 06:00:00	O3forecast_4	27.0
924	2015-01-05 07:00:00	O3forecast_1	18.0
925	2015-01-05 07:00:00	O3forecast_10	28.0
926	2015-01-05 07:00:00	O3forecast_2	18.0
927	2015-01-05 07:00:00	O3forecast_9	28.0
928	2015-01-05 07:00:00	O3forecast_6	27.0
929	2015-01-05 07:00:00	O3forecast_12	28.0
930	2015-01-05 07:00:00	O3forecast_7	27.0
931	2015-01-05 07:00:00	O3forecast_3	18.0
932	2015-01-05 07:00:00	O3forecast_5	24.0
933	2015-01-05 07:00:00	O3forecast_11	28.0
934	2015-01-05 07:00:00	O3forecast_4	24.0
935	2015-01-05 07:00:00	O3forecast_8	27.0
936	2015-01-05 08:00:00	O3forecast_5	18.0
937	2015-01-05 08:00:00	O3forecast_2	11.0
938	2015-01-05 08:00:00	O3forecast_9	24.0
939	2015-01-05 08:00:00	O3forecast_10	27.0
940	2015-01-05 08:00:00	O3forecast_4	12.0
941	2015-01-05 08:00:00	O3forecast_12	27.0
942	2015-01-05 08:00:00	O3forecast_7	18.0
943	2015-01-05 08:00:00	O3forecast_11	27.0
944	2015-01-05 08:00:00	O3forecast_1	10.0
945	2015-01-05 08:00:00	O3forecast_6	18.0
946	2015-01-05 08:00:00	O3forecast_8	24.0
947	2015-01-05 08:00:00	O3forecast_3	11.0
948	2015-01-05 09:00:00	O3forecast_8	11.0
949	2015-01-05 09:00:00	O3forecast_4	17.0
950	2015-01-05 09:00:00	O3forecast_10	18.0
951	2015-01-05 09:00:00	O3forecast_7	11.0
952	2015-01-05 09:00:00	O3forecast_5	10.0
953	2015-01-05 09:00:00	O3forecast_6	10.0
954	2015-01-05 09:00:00	O3forecast_3	17.0
955	2015-01-05 09:00:00	O3forecast_11	18.0
956	2015-01-05 09:00:00	O3forecast_2	17.0
957	2015-01-05 09:00:00	O3forecast_9	12.0
958	2015-01-05 09:00:00	O3forecast_12	18.0
959	2015-01-05 09:00:00	O3forecast_1	17.0
960	2015-01-05 10:00:00	O3forecast_3	20.0
961	2015-01-05 10:00:00	O3forecast_9	17.0
962	2015-01-05 10:00:00	O3forecast_5	17.0
963	2015-01-05 10:00:00	O3forecast_2	20.0
964	2015-01-05 10:00:00	O3forecast_12	11.0
965	2015-01-05 10:00:00	O3forecast_8	17.0
966	2015-01-05 10:00:00	O3forecast_6	17.0
967	2015-01-05 10:00:00	O3forecast_10	10.0
968	2015-01-05 10:00:00	O3forecast_7	17.0
969	2015-01-05 10:00:00	O3forecast_11	10.0
970	2015-01-05 10:00:00	O3forecast_4	20.0
971	2015-01-05 10:00:00	O3forecast_1	20.0
972	2015-01-05 11:00:00	O3forecast_9	20.0
973	2015-01-05 11:00:00	O3forecast_3	23.0
974	2015-01-05 11:00:00	O3forecast_1	23.0
975	2015-01-05 11:00:00	O3forecast_6	20.0
976	2015-01-05 11:00:00	O3forecast_10	17.0
977	2015-01-05 11:00:00	O3forecast_4	23.0
978	2015-01-05 11:00:00	O3forecast_11	17.0
979	2015-01-05 11:00:00	O3forecast_5	20.0
980	2015-01-05 11:00:00	O3forecast_8	20.0
981	2015-01-05 11:00:00	O3forecast_12	17.0
982	2015-01-05 11:00:00	O3forecast_7	20.0
983	2015-01-05 11:00:00	O3forecast_2	23.0
984	2015-01-05 12:00:00	O3forecast_5	23.0
985	2015-01-05 12:00:00	O3forecast_6	23.0
986	2015-01-05 12:00:00	O3forecast_11	20.0
987	2015-01-05 12:00:00	O3forecast_8	23.0
988	2015-01-05 12:00:00	O3forecast_12	20.0
989	2015-01-05 12:00:00	O3forecast_7	23.0
990	2015-01-05 12:00:00	O3forecast_1	27.0
991	2015-01-05 12:00:00	O3forecast_2	27.0
992	2015-01-05 12:00:00	O3forecast_10	20.0
993	2015-01-05 12:00:00	O3forecast_9	23.0
994	2015-01-05 12:00:00	O3forecast_4	27.0
995	2015-01-05 12:00:00	O3forecast_3	27.0
996	2015-01-05 13:00:00	O3forecast_3	28.0
997	2015-01-05 13:00:00	O3forecast_5	27.0
998	2015-01-05 13:00:00	O3forecast_6	27.0
999	2015-01-05 13:00:00	O3forecast_11	23.0
1000	2015-01-05 13:00:00	O3forecast_8	27.0
1001	2015-01-05 13:00:00	O3forecast_2	28.0
1002	2015-01-05 13:00:00	O3forecast_4	28.0
1003	2015-01-05 13:00:00	O3forecast_7	27.0
1004	2015-01-05 13:00:00	O3forecast_10	23.0
1005	2015-01-05 13:00:00	O3forecast_12	23.0
1006	2015-01-05 13:00:00	O3forecast_1	28.0
1007	2015-01-05 13:00:00	O3forecast_9	27.0
1008	2015-01-05 14:00:00	O3forecast_4	34.0
1009	2015-01-05 14:00:00	O3forecast_12	27.0
1010	2015-01-05 14:00:00	O3forecast_3	34.0
1011	2015-01-05 14:00:00	O3forecast_7	28.0
1012	2015-01-05 14:00:00	O3forecast_8	28.0
1013	2015-01-05 14:00:00	O3forecast_10	27.0
1014	2015-01-05 14:00:00	O3forecast_9	28.0
1015	2015-01-05 14:00:00	O3forecast_2	34.0
1016	2015-01-05 14:00:00	O3forecast_6	28.0
1017	2015-01-05 14:00:00	O3forecast_11	27.0
1018	2015-01-05 14:00:00	O3forecast_1	34.0
1019	2015-01-05 14:00:00	O3forecast_5	30.0
1020	2015-01-05 15:00:00	O3forecast_6	34.0
1021	2015-01-05 15:00:00	O3forecast_10	30.0
1022	2015-01-05 15:00:00	O3forecast_4	36.0
1023	2015-01-05 15:00:00	O3forecast_2	36.0
1024	2015-01-05 15:00:00	O3forecast_11	28.0
1025	2015-01-05 15:00:00	O3forecast_5	34.0
1026	2015-01-05 15:00:00	O3forecast_3	36.0
1027	2015-01-05 15:00:00	O3forecast_9	34.0
1028	2015-01-05 15:00:00	O3forecast_8	34.0
1029	2015-01-05 15:00:00	O3forecast_12	28.0
1030	2015-01-05 15:00:00	O3forecast_7	34.0
1031	2015-01-05 15:00:00	O3forecast_1	36.0
1032	2015-01-05 16:00:00	O3forecast_7	36.0
1033	2015-01-05 16:00:00	O3forecast_3	34.0
1034	2015-01-05 16:00:00	O3forecast_5	36.0
1035	2015-01-05 16:00:00	O3forecast_4	34.0
1036	2015-01-05 16:00:00	O3forecast_12	34.0
1037	2015-01-05 16:00:00	O3forecast_1	34.0
1038	2015-01-05 16:00:00	O3forecast_10	34.0
1039	2015-01-05 16:00:00	O3forecast_2	34.0
1040	2015-01-05 16:00:00	O3forecast_6	36.0
1041	2015-01-05 16:00:00	O3forecast_11	34.0
1042	2015-01-05 16:00:00	O3forecast_9	36.0
1043	2015-01-05 16:00:00	O3forecast_8	36.0
1044	2015-01-05 17:00:00	O3forecast_2	32.0
1045	2015-01-05 17:00:00	O3forecast_1	32.0
1046	2015-01-05 17:00:00	O3forecast_5	34.0
1047	2015-01-05 17:00:00	O3forecast_6	34.0
1048	2015-01-05 17:00:00	O3forecast_8	34.0
1049	2015-01-05 17:00:00	O3forecast_9	34.0
1050	2015-01-05 17:00:00	O3forecast_10	36.0
1051	2015-01-05 17:00:00	O3forecast_4	32.0
1052	2015-01-05 17:00:00	O3forecast_11	36.0
1053	2015-01-05 17:00:00	O3forecast_3	32.0
1054	2015-01-05 17:00:00	O3forecast_7	34.0
1055	2015-01-05 17:00:00	O3forecast_12	36.0
1056	2015-01-05 18:00:00	O3forecast_5	32.0
1057	2015-01-05 18:00:00	O3forecast_8	32.0
1058	2015-01-05 18:00:00	O3forecast_4	29.0
1059	2015-01-05 18:00:00	O3forecast_9	32.0
1060	2015-01-05 18:00:00	O3forecast_10	34.0
1061	2015-01-05 18:00:00	O3forecast_12	34.0
1062	2015-01-05 18:00:00	O3forecast_6	32.0
1063	2015-01-05 18:00:00	O3forecast_7	32.0
1064	2015-01-05 18:00:00	O3forecast_1	29.0
1065	2015-01-05 18:00:00	O3forecast_2	29.0
1066	2015-01-05 18:00:00	O3forecast_3	29.0
1067	2015-01-05 18:00:00	O3forecast_11	34.0
1068	2015-01-05 19:00:00	O3forecast_5	29.0
1069	2015-01-05 19:00:00	O3forecast_10	32.0
1070	2015-01-05 19:00:00	O3forecast_2	27.0
1071	2015-01-05 19:00:00	O3forecast_9	29.0
1072	2015-01-05 19:00:00	O3forecast_3	27.0
1073	2015-01-05 19:00:00	O3forecast_12	32.0
1074	2015-01-05 19:00:00	O3forecast_4	27.0
1075	2015-01-05 19:00:00	O3forecast_7	29.0
1076	2015-01-05 19:00:00	O3forecast_6	29.0
1077	2015-01-05 19:00:00	O3forecast_11	32.0
1078	2015-01-05 19:00:00	O3forecast_1	27.0
1079	2015-01-05 19:00:00	O3forecast_8	29.0
1080	2015-01-05 20:00:00	O3forecast_8	27.0
1081	2015-01-05 20:00:00	O3forecast_5	27.0
1082	2015-01-05 20:00:00	O3forecast_11	29.0
1083	2015-01-05 20:00:00	O3forecast_4	21.0
1084	2015-01-05 20:00:00	O3forecast_10	29.0
1085	2015-01-05 20:00:00	O3forecast_3	21.0
1086	2015-01-05 20:00:00	O3forecast_7	27.0
1087	2015-01-05 20:00:00	O3forecast_1	21.0
1088	2015-01-05 20:00:00	O3forecast_2	21.0
1089	2015-01-05 20:00:00	O3forecast_9	27.0
1090	2015-01-05 20:00:00	O3forecast_12	29.0
1091	2015-01-05 20:00:00	O3forecast_6	27.0
1092	2015-01-05 21:00:00	O3forecast_8	21.0
1093	2015-01-05 21:00:00	O3forecast_9	17.0
1094	2015-01-05 21:00:00	O3forecast_6	21.0
1095	2015-01-05 21:00:00	O3forecast_7	21.0
1096	2015-01-05 21:00:00	O3forecast_1	18.0
1097	2015-01-05 21:00:00	O3forecast_2	18.0
1098	2015-01-05 21:00:00	O3forecast_10	27.0
1099	2015-01-05 21:00:00	O3forecast_3	18.0
1100	2015-01-05 21:00:00	O3forecast_5	21.0
1101	2015-01-05 21:00:00	O3forecast_4	16.0
1102	2015-01-05 21:00:00	O3forecast_11	27.0
1103	2015-01-05 21:00:00	O3forecast_12	27.0
1104	2015-01-05 22:00:00	O3forecast_12	21.0
1105	2015-01-05 22:00:00	O3forecast_7	18.0
1106	2015-01-05 22:00:00	O3forecast_8	18.0
1107	2015-01-05 22:00:00	O3forecast_3	20.0
1108	2015-01-05 22:00:00	O3forecast_4	20.0
1109	2015-01-05 22:00:00	O3forecast_2	20.0
1110	2015-01-05 22:00:00	O3forecast_11	21.0
1111	2015-01-05 22:00:00	O3forecast_5	18.0
1112	2015-01-05 22:00:00	O3forecast_6	18.0
1113	2015-01-05 22:00:00	O3forecast_9	21.0
1114	2015-01-05 22:00:00	O3forecast_1	20.0
1115	2015-01-05 22:00:00	O3forecast_10	21.0
1116	2015-01-05 23:00:00	O3forecast_11	18.0
1117	2015-01-05 23:00:00	O3forecast_8	20.0
1118	2015-01-05 23:00:00	O3forecast_9	20.0
1119	2015-01-05 23:00:00	O3forecast_12	18.0
1120	2015-01-05 23:00:00	O3forecast_10	18.0
1121	2015-01-05 23:00:00	O3forecast_7	20.0
1122	2015-01-05 23:00:00	O3forecast_5	20.0
1123	2015-01-05 23:00:00	O3forecast_1	20.0
1124	2015-01-05 23:00:00	O3forecast_2	20.0
1125	2015-01-05 23:00:00	O3forecast_3	20.0
1126	2015-01-05 23:00:00	O3forecast_4	20.0
1127	2015-01-05 23:00:00	O3forecast_6	20.0
1128	2015-01-06 00:00:00	O3forecast_10	23.0
1129	2015-01-06 00:00:00	O3forecast_2	20.0
1130	2015-01-06 00:00:00	O3forecast_3	20.0
1131	2015-01-06 00:00:00	O3forecast_6	21.0
1132	2015-01-06 00:00:00	O3forecast_5	21.0
1133	2015-01-06 00:00:00	O3forecast_11	23.0
1134	2015-01-06 00:00:00	O3forecast_9	12.0
1135	2015-01-06 00:00:00	O3forecast_12	23.0
1136	2015-01-06 00:00:00	O3forecast_4	14.0
1137	2015-01-06 00:00:00	O3forecast_8	21.0
1138	2015-01-06 00:00:00	O3forecast_7	21.0
1139	2015-01-06 00:00:00	O3forecast_1	20.0
1140	2015-01-06 01:00:00	O3forecast_3	12.0
1141	2015-01-06 01:00:00	O3forecast_12	7.0
1142	2015-01-06 01:00:00	O3forecast_8	7.0
1143	2015-01-06 01:00:00	O3forecast_10	7.0
1144	2015-01-06 01:00:00	O3forecast_5	4.0
1145	2015-01-06 01:00:00	O3forecast_1	12.0
1146	2015-01-06 01:00:00	O3forecast_2	12.0
1147	2015-01-06 01:00:00	O3forecast_11	7.0
1148	2015-01-06 01:00:00	O3forecast_7	7.0
1149	2015-01-06 01:00:00	O3forecast_6	4.0
1150	2015-01-06 01:00:00	O3forecast_4	12.0
1151	2015-01-06 01:00:00	O3forecast_9	7.0
1152	2015-01-06 02:00:00	O3forecast_1	7.0
1153	2015-01-06 02:00:00	O3forecast_4	7.0
1154	2015-01-06 02:00:00	O3forecast_5	12.0
1155	2015-01-06 02:00:00	O3forecast_11	4.0
1156	2015-01-06 02:00:00	O3forecast_6	12.0
1157	2015-01-06 02:00:00	O3forecast_12	7.0
1158	2015-01-06 02:00:00	O3forecast_10	4.0
1159	2015-01-06 02:00:00	O3forecast_8	12.0
1160	2015-01-06 02:00:00	O3forecast_2	7.0
1161	2015-01-06 02:00:00	O3forecast_7	12.0
1162	2015-01-06 02:00:00	O3forecast_9	12.0
1163	2015-01-06 02:00:00	O3forecast_3	7.0
1164	2015-01-06 03:00:00	O3forecast_6	7.0
1165	2015-01-06 03:00:00	O3forecast_8	7.0
1166	2015-01-06 03:00:00	O3forecast_1	6.0
1167	2015-01-06 03:00:00	O3forecast_7	7.0
1168	2015-01-06 03:00:00	O3forecast_3	7.0
1169	2015-01-06 03:00:00	O3forecast_5	7.0
1170	2015-01-06 03:00:00	O3forecast_9	7.0
1171	2015-01-06 03:00:00	O3forecast_2	4.0
1172	2015-01-06 03:00:00	O3forecast_11	12.0
1173	2015-01-06 03:00:00	O3forecast_4	7.0
1174	2015-01-06 03:00:00	O3forecast_12	12.0
1175	2015-01-06 03:00:00	O3forecast_10	12.0
1176	2015-01-06 04:00:00	O3forecast_4	6.0
1177	2015-01-06 04:00:00	O3forecast_8	7.0
1178	2015-01-06 04:00:00	O3forecast_5	6.0
1179	2015-01-06 04:00:00	O3forecast_11	7.0
1180	2015-01-06 04:00:00	O3forecast_6	6.0
1181	2015-01-06 04:00:00	O3forecast_10	7.0
1182	2015-01-06 04:00:00	O3forecast_2	6.0
1183	2015-01-06 04:00:00	O3forecast_9	7.0
1184	2015-01-06 04:00:00	O3forecast_1	5.0
1185	2015-01-06 04:00:00	O3forecast_7	4.0
1186	2015-01-06 04:00:00	O3forecast_12	7.0
1187	2015-01-06 04:00:00	O3forecast_3	6.0
1188	2015-01-06 05:00:00	O3forecast_7	6.0
1189	2015-01-06 05:00:00	O3forecast_3	5.0
1190	2015-01-06 05:00:00	O3forecast_4	5.0
1191	2015-01-06 05:00:00	O3forecast_5	5.0
1192	2015-01-06 05:00:00	O3forecast_6	5.0
1193	2015-01-06 05:00:00	O3forecast_8	6.0
1194	2015-01-06 05:00:00	O3forecast_9	6.0
1195	2015-01-06 05:00:00	O3forecast_10	6.0
1196	2015-01-06 05:00:00	O3forecast_11	6.0
1197	2015-01-06 05:00:00	O3forecast_12	4.0
1198	2015-01-06 05:00:00	O3forecast_2	5.0
1199	2015-01-06 05:00:00	O3forecast_1	3.0
